PassengerId,Survived,Age,Fare,Pclass_1,Pclass_2,Pclass_3,Sex_female,Sex_male,SibSp_0,SibSp_1,SibSp_2,SibSp_3,SibSp_4,SibSp_5,SibSp_8,Parch_0,Parch_1,Parch_2,Parch_3,Parch_4,Parch_5,Parch_6,Embarked_C,Embarked_Q,Embarked_S
1,0,-0.6064071917714606,-0.5024451714361923,0,0,1,0,1,0,1,0,0,0,0,0,1,0,0,0,0,0,0,0,0,1
2,1,0.6243639271821076,0.7868452935884461,1,0,0,1,0,0,1,0,0,0,0,0,1,0,0,0,0,0,0,1,0,0
3,1,-0.2987144120330686,-0.4888542575852486,0,0,1,1,0,1,0,0,0,0,0,0,1,0,0,0,0,0,0,0,0,1
4,1,0.3935943423783136,0.4207302360686478,1,0,0,1,0,0,1,0,0,0,0,0,1,0,0,0,0,0,0,0,0,1
5,0,0.3935943423783136,-0.4863374216869257,0,0,1,0,1,1,0,0,0,0,0,0,1,0,0,0,0,0,0,0,0,1
6,0,0.057146075854228665,-0.47811642890864375,0,0,1,0,1,1,0,0,0,0,0,0,1,0,0,0,0,0,0,0,1,0
7,0,1.855135046135676,0.395813560675251,1,0,0,0,1,1,0,0,0,0,0,0,1,0,0,0,0,0,0,0,0,1
8,0,-2.144871090463421,-0.22408312108167944,0,0,1,0,1,0,0,0,1,0,0,0,0,1,0,0,0,0,0,0,0,1
9,1,-0.22179121709847055,-0.4242561406845337,0,0,1,1,0,1,0,0,0,0,0,0,0,0,1,0,0,0,0,0,0,1
10,1,-1.221792751248245,-0.04295550208861426,0,1,0,1,0,0,1,0,0,0,0,0,1,0,0,0,0,0,0,1,0,0
11,1,-1.991024700594225,-0.312172377522981,0,0,1,1,0,0,1,0,0,0,0,0,0,1,0,0,0,0,0,0,0,1
12,1,2.1628278258740683,-0.11384570873513637,1,0,0,1,0,1,0,0,0,0,0,0,1,0,0,0,0,0,0,0,0,1
13,0,-0.7602535816406567,-0.4863374216869257,0,0,1,0,1,1,0,0,0,0,0,0,1,0,0,0,0,0,0,0,0,1
14,0,0.7012871221167057,-0.01870931177853076,0,0,1,0,1,0,1,0,0,0,0,0,0,0,0,0,0,1,0,0,0,1
15,0,-1.221792751248245,-0.4902797934380587,0,0,1,1,0,1,0,0,0,0,0,0,1,0,0,0,0,0,0,0,0,1
16,1,1.932058241070274,-0.3262666585535892,0,1,0,1,0,1,0,0,0,0,0,0,1,0,0,0,0,0,0,0,0,1
17,0,-2.144871090463421,-0.06199888922968463,0,0,1,0,1,0,0,0,0,1,0,0,0,1,0,0,0,0,0,0,1,0
18,1,0.057146075854228665,-0.3866707201133388,0,1,0,0,1,1,0,0,0,0,0,0,1,0,0,0,0,0,0,0,0,1
19,0,0.08590156263992152,-0.2859972841804228,0,0,1,1,0,0,1,0,0,0,0,0,1,0,0,0,0,0,0,0,0,1
20,1,0.057146075854228665,-0.5029485386158568,0,0,1,1,0,1,0,0,0,0,0,0,1,0,0,0,0,0,0,1,0,0
21,0,0.3935943423783136,-0.12491978668775715,0,1,0,0,1,1,0,0,0,0,0,0,1,0,0,0,0,0,0,0,0,1
22,1,0.3166711474437156,-0.3866707201133388,0,1,0,0,1,1,0,0,0,0,0,0,1,0,0,0,0,0,0,0,0,1
23,1,-1.1448695563136468,-0.4867562231804066,0,0,1,1,0,1,0,0,0,0,0,0,1,0,0,0,0,0,0,0,1,0
24,1,-0.14486802216387254,0.06635974158478332,1,0,0,0,1,1,0,0,0,0,0,0,1,0,0,0,0,0,0,0,0,1
25,0,-1.683331920855833,-0.22408312108167944,0,0,1,1,0,0,0,0,1,0,0,0,0,1,0,0,0,0,0,0,0,1
26,1,0.6243639271821076,-0.016444159470040135,0,0,1,1,0,0,1,0,0,0,0,0,0,0,0,0,0,1,0,0,0,1
27,0,0.057146075854228665,-0.5029485386158568,0,0,1,0,1,1,0,0,0,0,0,0,1,0,0,0,0,0,0,1,0,0
28,0,-0.8371767765752547,4.647001076532463,1,0,0,0,1,0,0,0,1,0,0,0,0,0,1,0,0,0,0,0,0,1
29,1,0.057146075854228665,-0.48977642625839407,0,0,1,1,0,1,0,0,0,0,0,0,1,0,0,0,0,0,0,0,1,0
30,0,0.057146075854228665,-0.4894421904510968,0,0,1,0,1,1,0,0,0,0,0,0,1,0,0,0,0,0,0,0,0,1
31,0,0.7782103170513037,-0.09027201697708476,1,0,0,0,1,1,0,0,0,0,0,0,1,0,0,0,0,0,0,1,0,0
32,1,0.057146075854228665,2.301728820789,1,0,0,1,0,0,1,0,0,0,0,0,1,0,0,0,0,0,0,1,0,0
33,1,0.057146075854228665,-0.49237782784290063,0,0,1,1,0,1,0,0,0,0,0,0,1,0,0,0,0,0,0,0,1,0
34,0,2.778213385350852,-0.43700743807979686,0,1,0,0,1,1,0,0,0,0,0,0,1,0,0,0,0,0,0,0,0,1
35,0,-0.14486802216387254,1.0060617003323709,1,0,0,0,1,0,1,0,0,0,0,0,1,0,0,0,0,0,0,1,0,0
36,0,0.9320567069204998,0.39858208016340624,1,0,0,0,1,0,1,0,0,0,0,0,1,0,0,0,0,0,0,0,0,1
37,1,0.057146075854228665,-0.5028639729296732,0,0,1,0,1,1,0,0,0,0,0,0,1,0,0,0,0,0,0,1,0,0
38,0,-0.6833303867060587,-0.4863374216869257,0,0,1,0,1,1,0,0,0,0,0,0,1,0,0,0,0,0,0,0,0,1
39,0,-0.9140999715098528,-0.2859972841804228,0,0,1,1,0,0,0,1,0,0,0,0,1,0,0,0,0,0,0,0,0,1
40,1,-1.221792751248245,-0.42207354059350805,0,0,1,1,0,0,1,0,0,0,0,0,1,0,0,0,0,0,0,1,0,0
41,0,0.7782103170513037,-0.4576454924460446,0,0,1,1,0,0,1,0,0,0,0,0,1,0,0,0,0,0,0,0,0,1
42,0,-0.22179121709847055,-0.22559322262067316,0,1,0,1,0,0,1,0,0,0,0,0,1,0,0,0,0,0,0,0,0,1
43,0,0.057146075854228665,-0.4894421904510968,0,0,1,0,1,1,0,0,0,0,0,0,1,0,0,0,0,0,0,1,0,0
44,1,-2.067947895528823,0.18876253192945994,0,1,0,1,0,0,1,0,0,0,0,0,0,0,1,0,0,0,0,1,0,0
45,1,-0.8371767765752547,-0.48977642625839407,0,0,1,1,0,1,0,0,0,0,0,0,1,0,0,0,0,0,0,0,1,0
46,0,0.057146075854228665,-0.4863374216869257,0,0,1,0,1,1,0,0,0,0,0,0,1,0,0,0,0,0,0,0,0,1
47,0,0.057146075854228665,-0.3363340021468808,0,0,1,0,1,0,1,0,0,0,0,0,1,0,0,0,0,0,0,0,1,0
48,1,0.057146075854228665,-0.49237782784290063,0,0,1,1,0,1,0,0,0,0,0,0,1,0,0,0,0,0,0,0,1,0
49,0,0.057146075854228665,-0.21191774308354583,0,0,1,0,1,0,0,1,0,0,0,0,1,0,0,0,0,0,0,1,0,0
50,0,-0.9140999715098528,-0.29002422161773944,0,0,1,1,0,0,1,0,0,0,0,0,1,0,0,0,0,0,0,0,0,1
51,0,-1.760255115790431,0.1506737441786005,0,0,1,0,1,0,0,0,0,1,0,0,0,1,0,0,0,0,0,0,0,1
52,0,-0.6833303867060587,-0.4913710934835715,0,0,1,0,1,1,0,0,0,0,0,0,1,0,0,0,0,0,0,0,0,1
53,1,1.470519071462686,0.8964967865378598,1,0,0,1,0,0,1,0,0,0,0,0,1,0,0,0,0,0,0,1,0,0
54,1,-0.06794482722927452,-0.12491978668775715,0,1,0,1,0,0,1,0,0,0,0,0,1,0,0,0,0,0,0,0,0,1
55,0,2.701290190416254,0.5995101505357573,1,0,0,0,1,1,0,0,0,0,0,0,0,1,0,0,0,0,0,1,0,0
56,1,0.057146075854228665,0.06635974158478332,1,0,0,0,1,1,0,0,0,0,0,0,1,0,0,0,0,0,0,0,0,1
57,1,-0.6833303867060587,-0.43700743807979686,0,1,0,1,0,1,0,0,0,0,0,0,1,0,0,0,0,0,0,0,0,1
58,0,-0.10640642469657352,-0.5028639729296732,0,0,1,0,1,1,0,0,0,0,0,0,1,0,0,0,0,0,0,1,0,0
59,1,-1.9141015056596271,-0.08968408411123653,0,1,0,1,0,0,1,0,0,0,0,0,0,0,1,0,0,0,0,0,0,1
60,0,-1.452562336052039,0.2958951755118318,0,0,1,0,1,0,0,0,0,0,1,0,0,0,1,0,0,0,0,0,0,1
61,0,-0.6064071917714606,-0.5028639729296732,0,0,1,0,1,1,0,0,0,0,0,0,1,0,0,0,0,0,0,1,0,0
62,1,0.6243639271821076,0.962353321387736,1,0,0,1,0,1,0,0,0,0,0,0,1,0,0,0,0,0,0,0,0,1
63,0,1.1628262917242937,1.0323213593611125,1,0,0,0,1,0,1,0,0,0,0,0,1,0,0,0,0,0,0,0,0,1
64,0,-1.991024700594225,-0.08666388103324908,0,0,1,0,1,0,0,0,1,0,0,0,0,0,1,0,0,0,0,0,0,1
65,0,0.057146075854228665,-0.09027201697708476,1,0,0,0,1,1,0,0,0,0,0,0,1,0,0,0,0,0,0,1,0,0
66,1,0.057146075854228665,-0.3414522396297103,0,0,1,0,1,0,1,0,0,0,0,0,0,1,0,0,0,0,0,1,0,0
67,1,-0.06794482722927452,-0.43700743807979686,0,1,0,1,0,1,0,0,0,0,0,0,1,0,0,0,0,0,0,0,0,1
68,0,-0.8371767765752547,-0.4841568350646187,0,0,1,0,1,1,0,0,0,0,0,0,1,0,0,0,0,0,0,0,0,1
69,1,-0.9910231664444508,-0.4888542575852486,0,0,1,1,0,0,0,0,0,1,0,0,0,0,1,0,0,0,0,0,0,1
70,0,-0.2987144120330686,-0.47400492578514347,0,0,1,0,1,0,0,1,0,0,0,0,1,0,0,0,0,0,0,0,0,1
71,0,0.16282475757451956,-0.43700743807979686,0,1,0,0,1,1,0,0,0,0,0,0,1,0,0,0,0,0,0,0,0,1
72,0,-1.0679463613790487,0.2958951755118318,0,0,1,1,0,0,0,0,0,0,1,0,0,0,1,0,0,0,0,0,0,1
73,0,-0.6833303867060587,0.8314778546749452,0,1,0,0,1,1,0,0,0,0,0,0,1,0,0,0,0,0,0,0,0,1
74,0,-0.2987144120330686,-0.3573908580066095,0,0,1,0,1,0,1,0,0,0,0,0,1,0,0,0,0,0,0,1,0,0
75,1,0.16282475757451956,0.48910360681684706,0,0,1,0,1,1,0,0,0,0,0,0,1,0,0,0,0,0,0,0,0,1
76,0,-0.3756376069676666,-0.494391296561559,0,0,1,0,1,1,0,0,0,0,0,0,1,0,0,0,0,0,0,0,0,1
77,0,0.057146075854228665,-0.4894421904510968,0,0,1,0,1,1,0,0,0,0,0,0,1,0,0,0,0,0,0,0,0,1
78,0,0.057146075854228665,-0.4863374216869257,0,0,1,0,1,1,0,0,0,0,0,0,1,0,0,0,0,0,0,0,0,1
79,1,-2.234871228536901,-0.06451572512800753,0,1,0,0,1,1,0,0,0,0,0,0,0,0,1,0,0,0,0,0,0,1
80,1,0.008978367705323504,-0.397241430886295,0,0,1,1,0,1,0,0,0,0,0,0,1,0,0,0,0,0,0,0,0,1
81,0,-0.6064071917714606,-0.46720946885967163,0,0,1,0,1,1,0,0,0,0,0,0,1,0,0,0,0,0,0,0,0,1
82,1,-0.06794482722927452,-0.45714212526638004,0,0,1,0,1,1,0,0,0,0,0,0,1,0,0,0,0,0,0,0,0,1
83,1,0.057146075854228665,-0.49162277707340374,0,0,1,1,0,1,0,0,0,0,0,0,1,0,0,0,0,0,0,0,1,0
84,0,-0.14486802216387254,0.29992211294914856,1,0,0,0,1,1,0,0,0,0,0,0,1,0,0,0,0,0,0,0,0,1
85,1,-0.9910231664444508,-0.43700743807979686,0,1,0,1,0,1,0,0,0,0,0,0,1,0,0,0,0,0,0,0,0,1
86,1,0.23974795250911757,-0.32928686163157667,0,0,1,1,0,0,0,0,1,0,0,0,1,0,0,0,0,0,0,0,0,1
87,0,-1.0679463613790487,0.04370821849987721,0,0,1,0,1,0,1,0,0,0,0,0,0,0,0,1,0,0,0,0,0,1
88,0,0.057146075854228665,-0.4863374216869257,0,0,1,0,1,1,0,0,0,0,0,0,1,0,0,0,0,0,0,0,0,1
89,1,-0.5294839968368626,4.647001076532463,1,0,0,1,0,0,0,0,1,0,0,0,0,0,1,0,0,0,0,0,0,1
90,0,-0.4525608019022646,-0.4863374216869257,0,0,1,0,1,1,0,0,0,0,0,0,1,0,0,0,0,0,0,0,0,1
91,0,-0.06794482722927452,-0.4863374216869257,0,0,1,0,1,1,0,0,0,0,0,0,1,0,0,0,0,0,0,0,0,1
92,0,-0.7602535816406567,-0.4902797934380587,0,0,1,0,1,1,0,0,0,0,0,0,1,0,0,0,0,0,0,0,0,1
93,0,1.2397494866588918,0.5833178351003071,1,0,0,0,1,0,1,0,0,0,0,0,1,0,0,0,0,0,0,0,0,1
94,0,-0.2987144120330686,-0.23415046467497105,0,0,1,0,1,0,1,0,0,0,0,0,0,0,1,0,0,0,0,0,0,1
95,0,2.239751020808666,-0.5024451714361923,0,0,1,0,1,1,0,0,0,0,0,0,1,0,0,0,0,0,0,0,0,1
96,0,0.057146075854228665,-0.4863374216869257,0,0,1,0,1,1,0,0,0,0,0,0,1,0,0,0,0,0,0,0,0,1
97,0,3.162829360023842,0.0493298231623713,1,0,0,0,1,1,0,0,0,0,0,0,1,0,0,0,0,0,0,1,0,0
98,1,-0.5294839968368626,0.6272778976347743,1,0,0,0,1,1,0,0,0,0,0,0,0,1,0,0,0,0,0,1,0,0
99,1,0.3166711474437156,-0.18532384824750675,0,1,0,1,0,1,0,0,0,0,0,0,0,1,0,0,0,0,0,0,0,1
100,0,0.3166711474437156,-0.12491978668775715,0,1,0,0,1,0,1,0,0,0,0,0,1,0,0,0,0,0,0,0,0,1
101,0,-0.14486802216387254,-0.4894421904510968,0,0,1,1,0,1,0,0,0,0,0,0,1,0,0,0,0,0,0,0,0,1
102,0,0.057146075854228665,-0.4894421904510968,0,0,1,0,1,1,0,0,0,0,0,0,1,0,0,0,0,0,0,0,0,1
103,0,-0.6833303867060587,0.907737982394129,1,0,0,0,1,1,0,0,0,0,0,0,0,1,0,0,0,0,0,0,0,1
104,0,0.23974795250911757,-0.4741720436887921,0,0,1,0,1,1,0,0,0,0,0,0,1,0,0,0,0,0,0,0,0,1
105,0,0.5474407322475097,-0.4888542575852486,0,0,1,0,1,0,0,1,0,0,0,0,1,0,0,0,0,0,0,0,0,1
106,0,-0.14486802216387254,-0.4894421904510968,0,0,1,0,1,1,0,0,0,0,0,0,1,0,0,0,0,0,0,0,0,1
107,1,-0.6833303867060587,-0.494391296561559,0,0,1,1,0,1,0,0,0,0,0,0,1,0,0,0,0,0,0,0,0,1
108,1,0.057146075854228665,-0.4918744606632361,0,0,1,0,1,1,0,0,0,0,0,0,1,0,0,0,0,0,0,0,0,1
109,0,0.6243639271821076,-0.4894421904510968,0,0,1,0,1,1,0,0,0,0,0,0,1,0,0,0,0,0,0,0,0,1
110,1,0.057146075854228665,-0.1621689579829361,0,0,1,1,0,0,1,0,0,0,0,0,1,0,0,0,0,0,0,0,1,0
111,0,1.31667268159349,0.39858208016340624,1,0,0,0,1,1,0,0,0,0,0,0,1,0,0,0,0,0,0,0,0,1
112,0,-1.1833311537809459,-0.3573908580066095,0,0,1,1,0,0,1,0,0,0,0,0,1,0,0,0,0,0,0,1,0,0
113,0,-0.6064071917714606,-0.4863374216869257,0,0,1,0,1,1,0,0,0,0,0,0,1,0,0,0,0,0,0,0,0,1
114,0,-0.7602535816406567,-0.4505983519307405,0,0,1,1,0,0,1,0,0,0,0,0,1,0,0,0,0,0,0,0,0,1
115,0,-0.9910231664444508,-0.3573083057891445,0,0,1,1,0,1,0,0,0,0,0,0,1,0,0,0,0,0,0,1,0,0
116,0,-0.6833303867060587,-0.4888542575852486,0,0,1,0,1,1,0,0,0,0,0,0,1,0,0,0,0,0,0,0,0,1
117,0,3.124367762556543,-0.49237782784290063,0,0,1,0,1,1,0,0,0,0,0,0,1,0,0,0,0,0,0,0,1,0
118,0,-0.06794482722927452,-0.22559322262067316,0,1,0,0,1,0,1,0,0,0,0,0,1,0,0,0,0,0,0,0,0,1
119,0,-0.4525608019022646,4.335332226633905,1,0,0,0,1,1,0,0,0,0,0,0,0,1,0,0,0,0,0,1,0,0
120,0,-2.144871090463421,-0.01870931177853076,0,0,1,1,0,0,0,0,0,1,0,0,0,0,1,0,0,0,0,0,0,1
121,0,-0.6833303867060587,0.8314778546749452,0,1,0,0,1,0,0,1,0,0,0,0,1,0,0,0,0,0,0,0,0,1
122,0,0.057146075854228665,-0.4863374216869257,0,0,1,0,1,1,0,0,0,0,0,0,1,0,0,0,0,0,0,0,0,1
123,0,0.20128635504181855,-0.04295550208861426,0,1,0,0,1,0,1,0,0,0,0,0,1,0,0,0,0,0,0,1,0,0
124,1,0.20128635504181855,-0.3866707201133388,0,1,0,1,0,1,0,0,0,0,0,0,1,0,0,0,0,0,0,0,0,1
125,0,1.855135046135676,0.907737982394129,1,0,0,0,1,1,0,0,0,0,0,0,0,1,0,0,0,0,0,0,0,1
126,1,-1.375639141117441,-0.42207354059350805,0,0,1,0,1,0,1,0,0,0,0,0,1,0,0,0,0,0,0,1,0,0
127,0,0.057146075854228665,-0.49237782784290063,0,0,1,0,1,1,0,0,0,0,0,0,1,0,0,0,0,0,0,0,1,0
128,1,-0.4525608019022646,-0.5046257580584992,0,0,1,0,1,1,0,0,0,0,0,0,1,0,0,0,0,0,0,0,0,1
129,1,0.057146075854228665,-0.19824427701513722,0,0,1,1,0,0,1,0,0,0,0,0,0,1,0,0,0,0,0,1,0,0
130,0,1.1628262917242937,-0.5079822104125026,0,0,1,0,1,1,0,0,0,0,0,0,1,0,0,0,0,0,0,0,0,1
131,0,0.23974795250911757,-0.4894421904510968,0,0,1,0,1,1,0,0,0,0,0,0,1,0,0,0,0,0,0,1,0,0
132,0,-0.7602535816406567,-0.5064721088735089,0,0,1,0,1,1,0,0,0,0,0,0,1,0,0,0,0,0,0,0,0,1
133,0,1.31667268159349,-0.35646868933346404,0,0,1,1,0,0,1,0,0,0,0,0,1,0,0,0,0,0,0,0,0,1
134,1,-0.06794482722927452,-0.12491978668775715,0,1,0,1,0,0,1,0,0,0,0,0,1,0,0,0,0,0,0,0,0,1
135,0,-0.3756376069676666,-0.3866707201133388,0,1,0,0,1,1,0,0,0,0,0,0,1,0,0,0,0,0,0,0,0,1
136,0,-0.5294839968368626,-0.3454791770670269,0,1,0,0,1,1,0,0,0,0,0,0,1,0,0,0,0,0,0,1,0,0
137,1,-0.8371767765752547,-0.11921562980779811,1,0,0,1,0,1,0,0,0,0,0,0,0,0,1,0,0,0,0,0,0,1
138,0,0.5474407322475097,0.4207302360686478,1,0,0,0,1,0,1,0,0,0,0,0,1,0,0,0,0,0,0,0,0,1
139,0,-1.0679463613790487,-0.4628462821463391,0,0,1,0,1,1,0,0,0,0,0,0,1,0,0,0,0,0,0,0,0,1
140,0,-0.4525608019022646,0.9462455716384695,1,0,0,0,1,1,0,0,0,0,0,0,1,0,0,0,0,0,0,1,0,0
141,0,0.057146075854228665,-0.3414522396297103,0,0,1,1,0,1,0,0,0,0,0,0,0,0,1,0,0,0,0,1,0,0
142,1,-0.6064071917714606,-0.49237782784290063,0,0,1,1,0,1,0,0,0,0,0,0,1,0,0,0,0,0,0,0,0,1
143,1,-0.4525608019022646,-0.32928686163157667,0,0,1,1,0,0,1,0,0,0,0,0,1,0,0,0,0,0,0,0,0,1
144,0,-0.8371767765752547,-0.5125125150294839,0,0,1,0,1,1,0,0,0,0,0,0,1,0,0,0,0,0,0,0,1,0
145,0,-0.9140999715098528,-0.41687275089321363,0,1,0,0,1,1,0,0,0,0,0,0,1,0,0,0,0,0,0,0,0,1
146,0,-0.8371767765752547,0.09152810056801232,0,1,0,0,1,0,1,0,0,0,0,0,0,1,0,0,0,0,0,0,0,1
147,1,-0.22179121709847055,-0.49145565916975514,0,0,1,0,1,1,0,0,0,0,0,0,1,0,0,0,0,0,0,0,0,1
148,0,-1.606408725921235,0.04370821849987721,0,0,1,1,0,0,0,1,0,0,0,0,0,0,1,0,0,0,0,0,0,1
149,0,0.5089791347802106,-0.12491978668775715,0,1,0,0,1,1,0,0,0,0,0,0,0,0,1,0,0,0,0,0,0,1
150,0,0.9320567069204998,-0.3866707201133388,0,1,0,0,1,1,0,0,0,0,0,0,1,0,0,0,0,0,0,0,0,1
151,0,1.6243654613318819,-0.39623469652696586,0,1,0,0,1,1,0,0,0,0,0,0,1,0,0,0,0,0,0,0,0,1
152,1,-0.6064071917714606,0.6925485130875209,1,0,0,1,0,0,1,0,0,0,0,0,1,0,0,0,0,0,0,0,0,1
153,0,1.970519838537573,-0.4863374216869257,0,0,1,0,1,1,0,0,0,0,0,0,1,0,0,0,0,0,0,0,0,1
154,0,0.8166719145186028,-0.35646868933346404,0,0,1,0,1,1,0,0,0,0,0,0,0,0,1,0,0,0,0,0,0,1
155,0,0.057146075854228665,-0.5011867534870308,0,0,1,0,1,1,0,0,0,0,0,0,1,0,0,0,0,0,0,0,0,1
156,0,1.6243654613318819,0.5874293382238074,1,0,0,0,1,1,0,0,0,0,0,0,0,1,0,0,0,0,0,1,0,0
157,1,-1.0679463613790487,-0.49271407711891657,0,0,1,1,0,1,0,0,0,0,0,0,1,0,0,0,0,0,0,0,1,0
158,0,0.008978367705323504,-0.4863374216869257,0,0,1,0,1,1,0,0,0,0,0,0,1,0,0,0,0,0,0,0,0,1
159,0,0.057146075854228665,-0.47400492578514347,0,0,1,0,1,1,0,0,0,0,0,0,1,0,0,0,0,0,0,0,0,1
160,0,0.057146075854228665,0.7519458402879414,0,0,1,0,1,0,0,0,0,0,0,1,0,0,1,0,0,0,0,0,0,1
161,0,1.0859030967896959,-0.32425318983493084,0,0,1,0,1,1,0,0,0,0,0,0,0,1,0,0,0,0,0,0,0,1
162,1,0.7782103170513037,-0.331300330350235,0,1,0,1,0,1,0,0,0,0,0,0,1,0,0,0,0,0,0,0,0,1
163,0,-0.2987144120330686,-0.4918744606632361,0,0,1,0,1,1,0,0,0,0,0,0,1,0,0,0,0,0,0,0,0,1
164,0,-0.9910231664444508,-0.47400492578514347,0,0,1,0,1,1,0,0,0,0,0,0,1,0,0,0,0,0,0,0,0,1
165,0,-2.221794285398019,0.1506737441786005,0,0,1,0,1,0,0,0,0,1,0,0,0,1,0,0,0,0,0,0,0,1
166,1,-1.606408725921235,-0.2351571990343002,0,0,1,0,1,1,0,0,0,0,0,0,0,0,1,0,0,0,0,0,0,1
167,1,0.057146075854228665,0.4589861417231558,1,0,0,1,0,1,0,0,0,0,0,0,0,1,0,0,0,0,0,0,0,1
168,0,1.1628262917242937,-0.08666388103324908,0,0,1,1,0,0,1,0,0,0,0,0,0,0,0,0,1,0,0,0,0,1
169,0,0.057146075854228665,-0.12642988822675086,1,0,0,0,1,1,0,0,0,0,0,0,1,0,0,0,0,0,0,0,0,1
170,0,-0.14486802216387254,0.48910360681684706,0,0,1,0,1,1,0,0,0,0,0,0,1,0,0,0,0,0,0,0,0,1
171,0,2.393597410677862,0.026090367211616904,1,0,0,0,1,1,0,0,0,0,0,0,1,0,0,0,0,0,0,0,0,1
172,0,-1.991024700594225,-0.06199888922968463,0,0,1,0,1,0,0,0,0,1,0,0,0,1,0,0,0,0,0,0,1,0
173,1,-2.221794285398019,-0.4242561406845337,0,0,1,1,0,0,1,0,0,0,0,0,0,1,0,0,0,0,0,0,0,1
174,0,-0.6833303867060587,-0.4888542575852486,0,0,1,0,1,1,0,0,0,0,0,0,1,0,0,0,0,0,0,0,0,1
175,0,2.008981436004872,-0.030371322596999754,1,0,0,0,1,1,0,0,0,0,0,0,1,0,0,0,0,0,0,1,0,0
176,0,-0.9140999715098528,-0.4902797934380587,0,0,1,0,1,0,1,0,0,0,0,0,0,1,0,0,0,0,0,0,0,1
177,0,0.057146075854228665,-0.13565761536436197,0,0,1,0,1,0,0,0,1,0,0,0,0,1,0,0,0,0,0,0,0,1
178,0,1.547442266397284,-0.07030444769415023,1,0,0,1,0,1,0,0,0,0,0,0,1,0,0,0,0,0,0,1,0,0
179,0,0.008978367705323504,-0.3866707201133388,0,1,0,0,1,1,0,0,0,0,0,0,1,0,0,0,0,0,0,0,0,1
180,0,0.4705175373129116,-0.6484216535389205,0,0,1,0,1,1,0,0,0,0,0,0,1,0,0,0,0,0,0,0,0,1
181,0,0.057146075854228665,0.7519458402879414,0,0,1,1,0,0,0,0,0,0,0,1,0,0,1,0,0,0,0,0,0,1
182,0,0.057146075854228665,-0.34539461138084326,0,1,0,0,1,1,0,0,0,0,0,0,1,0,0,0,0,0,0,1,0,0
183,0,-1.606408725921235,-0.016444159470040135,0,0,1,0,1,0,0,0,0,1,0,0,0,0,1,0,0,0,0,0,0,1
184,1,-2.221794285398019,0.13683114673782454,0,1,0,0,1,0,0,1,0,0,0,0,0,1,0,0,0,0,0,0,0,1
185,1,-1.991024700594225,-0.20495516825442542,0,0,1,1,0,1,0,0,0,0,0,0,0,0,1,0,0,0,0,0,0,1
186,0,0.057146075854228665,0.3583127057902398,1,0,0,0,1,1,0,0,0,0,0,0,1,0,0,0,0,0,0,0,0,1
187,1,0.057146075854228665,-0.3363340021468808,0,0,1,1,0,0,1,0,0,0,0,0,1,0,0,0,0,0,0,0,1,0
188,1,1.1628262917242937,-0.11384570873513637,1,0,0,0,1,1,0,0,0,0,0,0,1,0,0,0,0,0,0,0,0,1
189,0,0.7782103170513037,-0.3363340021468808,0,0,1,0,1,0,1,0,0,0,0,0,0,1,0,0,0,0,0,0,1,0
190,0,0.4705175373129116,-0.4894421904510968,0,0,1,0,1,1,0,0,0,0,0,0,1,0,0,0,0,0,0,0,0,1
191,1,0.16282475757451956,-0.3866707201133388,0,1,0,1,0,1,0,0,0,0,0,0,1,0,0,0,0,0,0,0,0,1
192,0,-0.8371767765752547,-0.3866707201133388,0,1,0,0,1,1,0,0,0,0,0,0,1,0,0,0,0,0,0,0,0,1
193,1,-0.8371767765752547,-0.4902797934380587,0,0,1,1,0,0,1,0,0,0,0,0,1,0,0,0,0,0,0,0,0,1
194,1,-2.067947895528823,-0.12491978668775715,0,1,0,0,1,0,1,0,0,0,0,0,0,1,0,0,0,0,0,0,0,1
195,1,1.0859030967896959,-0.09027201697708476,1,0,0,1,0,1,0,0,0,0,0,0,1,0,0,0,0,0,0,1,0,0
196,1,2.1628278258740683,2.301728820789,1,0,0,1,0,1,0,0,0,0,0,0,1,0,0,0,0,0,0,1,0,0
197,0,0.057146075854228665,-0.49237782784290063,0,0,1,0,1,1,0,0,0,0,0,0,1,0,0,0,0,0,0,0,1,0
198,0,0.9320567069204998,-0.47920571548543794,0,0,1,0,1,1,0,0,0,0,0,0,0,1,0,0,0,0,0,0,0,1
199,1,0.057146075854228665,-0.49237782784290063,0,0,1,1,0,1,0,0,0,0,0,0,1,0,0,0,0,0,0,0,1,0
200,0,-0.4525608019022646,-0.3866707201133388,0,1,0,1,0,1,0,0,0,0,0,0,1,0,0,0,0,0,0,0,0,1
201,0,-0.14486802216387254,-0.45714212526638004,0,0,1,0,1,1,0,0,0,0,0,0,1,0,0,0,0,0,0,0,0,1
202,0,0.057146075854228665,0.7519458402879414,0,0,1,0,1,0,0,0,0,0,0,1,0,0,1,0,0,0,0,0,0,1
203,0,0.3166711474437156,-0.5176307525123133,0,0,1,0,1,1,0,0,0,0,0,0,1,0,0,0,0,0,0,0,0,1
204,0,1.2012878891915928,-0.5029485386158568,0,0,1,0,1,1,0,0,0,0,0,0,1,0,0,0,0,0,0,1,0,0
205,1,-0.9140999715098528,-0.4863374216869257,0,0,1,0,1,1,0,0,0,0,0,0,1,0,0,0,0,0,0,0,0,1
206,0,-2.144871090463421,-0.43776248884929375,0,0,1,1,0,1,0,0,0,0,0,0,0,1,0,0,0,0,0,0,0,1
207,0,0.16282475757451956,-0.32928686163157667,0,0,1,0,1,0,1,0,0,0,0,0,1,0,0,0,0,0,0,0,0,1
208,1,-0.2987144120330686,-0.2701412180209885,0,0,1,0,1,1,0,0,0,0,0,0,1,0,0,0,0,0,0,1,0,0
209,1,-1.0679463613790487,-0.49237782784290063,0,0,1,1,0,1,0,0,0,0,0,0,1,0,0,0,0,0,0,0,1,0
210,1,0.7782103170513037,-0.024246350754841113,1,0,0,0,1,1,0,0,0,0,0,0,1,0,0,0,0,0,0,1,0,0
211,0,-0.4525608019022646,-0.5064721088735089,0,0,1,0,1,1,0,0,0,0,0,0,1,0,0,0,0,0,0,0,0,1
212,1,0.3935943423783136,-0.22559322262067316,0,1,0,1,0,1,0,0,0,0,0,0,1,0,0,0,0,0,0,0,0,1
213,0,-0.6064071917714606,-0.5024451714361923,0,0,1,0,1,1,0,0,0,0,0,0,1,0,0,0,0,0,0,0,0,1
214,0,0.008978367705323504,-0.3866707201133388,0,1,0,0,1,1,0,0,0,0,0,0,1,0,0,0,0,0,0,0,0,1
215,0,0.057146075854228665,-0.49237782784290063,0,0,1,0,1,0,1,0,0,0,0,0,1,0,0,0,0,0,0,0,1,0
216,1,0.08590156263992152,1.6323350375212924,1,0,0,1,0,0,1,0,0,0,0,0,1,0,0,0,0,0,0,1,0,0
217,1,-0.22179121709847055,-0.4888542575852486,0,0,1,1,0,1,0,0,0,0,0,0,1,0,0,0,0,0,0,0,0,1
218,0,0.9320567069204998,-0.10478509950117394,0,1,0,0,1,0,1,0,0,0,0,0,1,0,0,0,0,0,0,0,0,1
219,1,0.16282475757451956,0.8876878608937296,1,0,0,1,0,1,0,0,0,0,0,0,1,0,0,0,0,0,0,1,0,0
220,0,0.008978367705323504,-0.43700743807979686,0,1,0,0,1,1,0,0,0,0,0,0,1,0,0,0,0,0,0,0,0,1
221,1,-1.0679463613790487,-0.4863374216869257,0,0,1,0,1,1,0,0,0,0,0,0,1,0,0,0,0,0,0,0,0,1
222,0,-0.22179121709847055,-0.3866707201133388,0,1,0,0,1,1,0,0,0,0,0,0,1,0,0,0,0,0,0,0,0,1
223,0,1.6243654613318819,-0.4863374216869257,0,0,1,0,1,1,0,0,0,0,0,0,1,0,0,0,0,0,0,0,0,1
224,0,0.057146075854228665,-0.4894421904510968,0,0,1,0,1,1,0,0,0,0,0,0,1,0,0,0,0,0,0,0,0,1
225,1,0.6243639271821076,1.163700193253568,1,0,0,0,1,0,1,0,0,0,0,0,1,0,0,0,0,0,0,0,0,1
226,0,-0.6064071917714606,-0.4601623283443675,0,0,1,0,1,1,0,0,0,0,0,0,1,0,0,0,0,0,0,0,0,1
227,1,-0.8371767765752547,-0.43700743807979686,0,1,0,0,1,1,0,0,0,0,0,0,1,0,0,0,0,0,0,0,0,1
228,0,-0.7217919841733577,-0.5024451714361923,0,0,1,0,1,1,0,0,0,0,0,0,1,0,0,0,0,0,0,0,0,1
229,0,-0.9140999715098528,-0.3866707201133388,0,1,0,0,1,1,0,0,0,0,0,0,1,0,0,0,0,0,0,0,0,1
230,0,0.057146075854228665,-0.13565761536436197,0,0,1,1,0,0,0,0,1,0,0,0,0,1,0,0,0,0,0,0,0,1
231,1,0.3935943423783136,1.0323213593611125,1,0,0,1,0,0,1,0,0,0,0,0,1,0,0,0,0,0,0,0,0,1
232,0,-0.06794482722927452,-0.4918744606632361,0,0,1,0,1,1,0,0,0,0,0,0,1,0,0,0,0,0,0,0,0,1
233,0,2.239751020808666,-0.3766033765200472,0,1,0,0,1,1,0,0,0,0,0,0,1,0,0,0,0,0,0,0,0,1
234,1,-1.9141015056596271,-0.016444159470040135,0,0,1,1,0,0,0,0,0,1,0,0,0,0,1,0,0,0,0,0,0,1
235,0,-0.4525608019022646,-0.43700743807979686,0,1,0,0,1,1,0,0,0,0,0,0,1,0,0,0,0,0,0,0,0,1
236,0,0.057146075854228665,-0.49640476528021726,0,0,1,1,0,1,0,0,0,0,0,0,1,0,0,0,0,0,0,0,0,1
237,0,1.0859030967896959,-0.12491978668775715,0,1,0,0,1,0,1,0,0,0,0,0,1,0,0,0,0,0,0,0,0,1
238,1,-1.683331920855833,-0.11988611489111134,0,1,0,1,0,1,0,0,0,0,0,0,0,0,1,0,0,0,0,0,0,1
239,0,-0.8371767765752547,-0.43700743807979686,0,1,0,0,1,1,0,0,0,0,0,0,1,0,0,0,0,0,0,0,0,1
240,0,0.23974795250911757,-0.4012683683236117,0,1,0,0,1,1,0,0,0,0,0,0,1,0,0,0,0,0,0,0,0,1
241,0,0.057146075854228665,-0.3573908580066095,0,0,1,1,0,0,1,0,0,0,0,0,1,0,0,0,0,0,0,1,0,0
242,1,0.057146075854228665,-0.3363340021468808,0,0,1,1,0,0,1,0,0,0,0,0,1,0,0,0,0,0,0,0,1,0
243,0,-0.06794482722927452,-0.43700743807979686,0,1,0,0,1,1,0,0,0,0,0,0,1,0,0,0,0,0,0,0,0,1
244,0,-0.6064071917714606,-0.5049620073345151,0,0,1,0,1,1,0,0,0,0,0,0,1,0,0,0,0,0,0,0,0,1
245,0,0.008978367705323504,-0.5029485386158568,0,0,1,0,1,1,0,0,0,0,0,0,1,0,0,0,0,0,0,1,0,0
246,0,1.0859030967896959,1.163700193253568,1,0,0,0,1,0,0,1,0,0,0,0,1,0,0,0,0,0,0,0,1,0
247,0,-0.3756376069676666,-0.4918744606632361,0,0,1,1,0,1,0,0,0,0,0,0,1,0,0,0,0,0,0,0,0,1
248,1,-0.4525608019022646,-0.35646868933346404,0,1,0,1,0,1,0,0,0,0,0,0,0,0,1,0,0,0,0,0,0,1
249,1,0.5474407322475097,0.40974072380221066,1,0,0,0,1,0,1,0,0,0,0,0,0,1,0,0,0,0,0,0,0,1
250,0,1.855135046135676,-0.12491978668775715,0,1,0,0,1,0,1,0,0,0,0,0,1,0,0,0,0,0,0,0,0,1
251,0,0.057146075854228665,-0.5024451714361923,0,0,1,0,1,1,0,0,0,0,0,0,1,0,0,0,0,0,0,0,0,1
252,0,-0.06794482722927452,-0.43776248884929375,0,0,1,1,0,0,1,0,0,0,0,0,0,1,0,0,0,0,0,0,0,1
253,0,2.4705206056124602,-0.11384570873513637,1,0,0,0,1,1,0,0,0,0,0,0,1,0,0,0,0,0,0,0,0,1
254,0,0.008978367705323504,-0.32425318983493084,0,0,1,0,1,0,1,0,0,0,0,0,1,0,0,0,0,0,0,0,0,1
255,0,0.8551335119859017,-0.2414492887801075,0,0,1,1,0,1,0,0,0,0,0,0,0,0,1,0,0,0,0,0,0,1
256,1,-0.06794482722927452,-0.3414522396297103,0,0,1,1,0,1,0,0,0,0,0,0,0,0,1,0,0,0,0,1,0,0
257,1,0.057146075854228665,0.9462455716384695,1,0,0,1,0,1,0,0,0,0,0,0,1,0,0,0,0,0,0,1,0,0
258,1,0.008978367705323504,1.093228788100527,1,0,0,1,0,1,0,0,0,0,0,0,1,0,0,0,0,0,0,0,0,1
259,1,0.3935943423783136,9.667166525013505,1,0,0,1,0,1,0,0,0,0,0,0,1,0,0,0,0,0,0,1,0,0
260,1,1.547442266397284,-0.12491978668775715,0,1,0,1,0,1,0,0,0,0,0,0,0,1,0,0,0,0,0,0,0,1
261,0,0.057146075854228665,-0.49237782784290063,0,0,1,0,1,1,0,0,0,0,0,0,1,0,0,0,0,0,0,0,1,0
262,1,-2.067947895528823,-0.016444159470040135,0,0,1,0,1,0,0,0,0,1,0,0,0,0,1,0,0,0,0,0,0,1
263,0,1.70128865626648,0.955306180872432,1,0,0,0,1,0,1,0,0,0,0,0,0,1,0,0,0,0,0,0,0,1
264,0,0.7782103170513037,-0.6484216535389205,1,0,0,0,1,1,0,0,0,0,0,0,1,0,0,0,0,0,0,0,0,1
265,0,0.057146075854228665,-0.49237782784290063,0,0,1,1,0,1,0,0,0,0,0,0,1,0,0,0,0,0,0,0,1,0
266,0,0.4705175373129116,-0.43700743807979686,0,1,0,0,1,1,0,0,0,0,0,0,1,0,0,0,0,0,0,0,0,1
267,0,-1.0679463613790487,0.1506737441786005,0,0,1,0,1,0,0,0,0,1,0,0,0,1,0,0,0,0,0,0,0,1
268,1,-0.3756376069676666,-0.4918744606632361,0,0,1,0,1,0,1,0,0,0,0,0,1,0,0,0,0,0,0,0,0,1
269,1,2.1628278258740683,2.441497778832105,1,0,0,1,0,1,0,0,0,0,0,0,0,1,0,0,0,0,0,0,0,1
270,1,0.3935943423783136,2.0825124140450755,1,0,0,1,0,1,0,0,0,0,0,0,1,0,0,0,0,0,0,0,0,1
271,0,0.057146075854228665,-0.024246350754841113,1,0,0,0,1,1,0,0,0,0,0,0,1,0,0,0,0,0,0,0,0,1
272,1,-0.3756376069676666,-0.6484216535389205,0,0,1,0,1,1,0,0,0,0,0,0,1,0,0,0,0,0,0,0,0,1
273,1,0.8551335119859017,-0.255795253400548,0,1,0,1,0,1,0,0,0,0,0,0,0,1,0,0,0,0,0,0,0,1
274,0,0.5474407322475097,-0.05042144409739929,1,0,0,0,1,1,0,0,0,0,0,0,0,1,0,0,0,0,0,1,0,0
275,1,0.057146075854228665,-0.49237782784290063,0,0,1,1,0,1,0,0,0,0,0,0,1,0,0,0,0,0,0,0,1,0
276,1,2.5474438005470583,0.921244330558889,1,0,0,1,0,0,1,0,0,0,0,0,1,0,0,0,0,0,0,0,0,1
277,0,1.1628262917242937,-0.49237782784290063,0,0,1,1,0,1,0,0,0,0,0,0,1,0,0,0,0,0,0,0,0,1
278,0,0.057146075854228665,-0.6484216535389205,0,1,0,0,1,1,0,0,0,0,0,0,1,0,0,0,0,0,0,0,0,1
279,0,-1.760255115790431,-0.06199888922968463,0,0,1,0,1,0,0,0,0,1,0,0,0,1,0,0,0,0,0,0,1,0
280,1,0.3935943423783136,-0.24069423801061057,0,0,1,1,0,0,1,0,0,0,0,0,0,1,0,0,0,0,0,0,0,1
281,0,2.701290190416254,-0.49237782784290063,0,0,1,0,1,1,0,0,0,0,0,0,1,0,0,0,0,0,0,0,1,0
282,0,-0.14486802216387254,-0.4902797934380587,0,0,1,0,1,1,0,0,0,0,0,0,1,0,0,0,0,0,0,0,0,1
283,0,-1.0679463613790487,-0.45714212526638004,0,0,1,0,1,1,0,0,0,0,0,0,1,0,0,0,0,0,0,0,0,1
284,1,-0.8371767765752547,-0.4863374216869257,0,0,1,0,1,1,0,0,0,0,0,0,1,0,0,0,0,0,0,0,0,1
285,0,0.057146075854228665,-0.12491978668775715,1,0,0,0,1,1,0,0,0,0,0,0,1,0,0,0,0,0,0,0,0,1
286,0,0.23974795250911757,-0.47400492578514347,0,0,1,0,1,1,0,0,0,0,0,0,1,0,0,0,0,0,0,1,0,0
287,1,0.008978367705323504,-0.45714212526638004,0,0,1,0,1,1,0,0,0,0,0,0,1,0,0,0,0,0,0,0,0,1
288,0,-0.6064071917714606,-0.4894421904510968,0,0,1,0,1,1,0,0,0,0,0,0,1,0,0,0,0,0,0,0,0,1
289,1,0.9320567069204998,-0.3866707201133388,0,1,0,0,1,1,0,0,0,0,0,0,1,0,0,0,0,0,0,0,0,1
290,1,-0.6064071917714606,-0.49237782784290063,0,0,1,1,0,1,0,0,0,0,0,0,1,0,0,0,0,0,0,0,1,0
291,1,-0.2987144120330686,0.9391984311231651,1,0,0,1,0,1,0,0,0,0,0,0,1,0,0,0,0,0,0,0,0,1
292,1,-0.8371767765752547,1.1854295476653287,1,0,0,1,0,0,1,0,0,0,0,0,1,0,0,0,0,0,0,1,0,0
293,0,0.4705175373129116,-0.3891875560116617,0,1,0,0,1,1,0,0,0,0,0,0,1,0,0,0,0,0,0,1,0,0
294,0,-0.4525608019022646,-0.4702296719376591,0,0,1,1,0,1,0,0,0,0,0,0,1,0,0,0,0,0,0,0,0,1
295,0,-0.4525608019022646,-0.4894421904510968,0,0,1,0,1,1,0,0,0,0,0,0,1,0,0,0,0,0,0,0,0,1
296,0,0.057146075854228665,-0.09027201697708476,1,0,0,0,1,1,0,0,0,0,0,0,1,0,0,0,0,0,0,1,0,0
297,0,-0.49102239936956366,-0.5028639729296732,0,0,1,0,1,1,0,0,0,0,0,0,1,0,0,0,0,0,0,1,0,0
298,0,-2.144871090463421,2.4029901895877646,1,0,0,1,0,0,1,0,0,0,0,0,0,0,1,0,0,0,0,0,0,1
299,1,0.057146075854228665,-0.034313694348132716,1,0,0,0,1,1,0,0,0,0,0,0,1,0,0,0,0,0,0,0,0,1
300,1,1.547442266397284,4.335332226633905,1,0,0,1,0,1,0,0,0,0,0,0,0,1,0,0,0,0,0,1,0,0
301,1,0.057146075854228665,-0.49237782784290063,0,0,1,1,0,1,0,0,0,0,0,0,1,0,0,0,0,0,0,0,1,0
302,1,0.057146075854228665,-0.18029017645086096,0,0,1,0,1,0,0,1,0,0,0,0,1,0,0,0,0,0,0,0,1,0
303,0,-0.8371767765752547,-0.6484216535389205,0,0,1,0,1,1,0,0,0,0,0,0,1,0,0,0,0,0,0,0,0,1
304,1,0.057146075854228665,-0.3997582667846179,0,1,0,1,0,1,0,0,0,0,0,0,1,0,0,0,0,0,0,0,1,0
305,0,0.057146075854228665,-0.4863374216869257,0,0,1,0,1,1,0,0,0,0,0,0,1,0,0,0,0,0,0,0,0,1
306,1,-2.227948140992787,2.4029901895877646,1,0,0,0,1,0,1,0,0,0,0,0,0,0,1,0,0,0,0,0,0,1
307,1,0.057146075854228665,1.5841789061771412,1,0,0,1,0,1,0,0,0,0,0,0,1,0,0,0,0,0,0,1,0,0
308,1,-0.9910231664444508,1.5442457810799908,1,0,0,1,0,0,1,0,0,0,0,0,1,0,0,0,0,0,0,1,0,0
309,0,0.008978367705323504,-0.16518916106092355,0,1,0,0,1,0,1,0,0,0,0,0,1,0,0,0,0,0,0,1,0,0
310,1,0.008978367705323504,0.49782998024351216,1,0,0,1,0,1,0,0,0,0,0,0,1,0,0,0,0,0,0,1,0,0
311,1,-0.4525608019022646,1.0259447039291216,1,0,0,1,0,1,0,0,0,0,0,0,1,0,0,0,0,0,0,1,0,0
312,1,-0.9140999715098528,4.634416897040849,1,0,0,1,0,0,0,1,0,0,0,0,0,0,1,0,0,0,0,1,0,0
313,0,-0.2987144120330686,-0.12491978668775715,0,1,0,1,0,0,1,0,0,0,0,0,0,1,0,0,0,0,0,0,0,1
314,0,-0.14486802216387254,-0.4894421904510968,0,0,1,0,1,1,0,0,0,0,0,0,1,0,0,0,0,0,0,0,0,1
315,0,1.0089799018550978,-0.11988611489111134,0,1,0,0,1,0,1,0,0,0,0,0,0,1,0,0,0,0,0,0,0,1
316,1,-0.2987144120330686,-0.4902797934380587,0,0,1,1,0,1,0,0,0,0,0,0,1,0,0,0,0,0,0,0,0,1
317,1,-0.4525608019022646,-0.12491978668775715,0,1,0,1,0,0,1,0,0,0,0,0,1,0,0,0,0,0,0,0,0,1
318,0,1.855135046135676,-0.36653603292675563,0,1,0,0,1,1,0,0,0,0,0,0,1,0,0,0,0,0,0,0,0,1
319,1,0.08590156263992152,2.671117778445337,1,0,0,1,0,1,0,0,0,0,0,0,0,0,1,0,0,0,0,0,0,1
320,1,0.7782103170513037,2.059693773056521,1,0,0,1,0,0,1,0,0,0,0,0,0,1,0,0,0,0,0,1,0,0
321,0,-0.6064071917714606,-0.5024451714361923,0,0,1,0,1,1,0,0,0,0,0,0,1,0,0,0,0,0,0,0,0,1
322,0,-0.22179121709847055,-0.4894421904510968,0,0,1,0,1,1,0,0,0,0,0,0,1,0,0,0,0,0,0,0,0,1
323,1,0.008978367705323504,-0.3997582667846179,0,1,0,1,0,1,0,0,0,0,0,0,1,0,0,0,0,0,0,0,1,0
324,1,-0.6064071917714606,-0.06451572512800753,0,1,0,1,0,0,1,0,0,0,0,0,0,1,0,0,0,0,0,0,0,1
325,0,0.057146075854228665,0.7519458402879414,0,0,1,0,1,0,0,0,0,0,0,1,0,0,1,0,0,0,0,0,0,1
326,1,0.4705175373129116,2.0825124140450755,1,0,0,1,0,1,0,0,0,0,0,0,1,0,0,0,0,0,0,1,0,0
327,0,2.393597410677862,-0.5228315422126077,0,0,1,0,1,1,0,0,0,0,0,0,1,0,0,0,0,0,0,0,0,1
328,1,0.4705175373129116,-0.3866707201133388,0,1,0,1,0,1,0,0,0,0,0,0,1,0,0,0,0,0,0,0,0,1
329,1,0.08590156263992152,-0.2351571990343002,0,0,1,1,0,0,1,0,0,0,0,0,0,1,0,0,0,0,0,0,0,1
330,1,-1.0679463613790487,0.5189714017894245,1,0,0,1,0,1,0,0,0,0,0,0,0,1,0,0,0,0,0,1,0,0
331,1,0.057146075854228665,-0.18029017645086096,0,0,1,1,0,0,0,1,0,0,0,0,1,0,0,0,0,0,0,0,1,0
332,0,1.2012878891915928,-0.07458306872129913,1,0,0,0,1,1,0,0,0,0,0,0,1,0,0,0,0,0,0,0,0,1
333,0,0.6243639271821076,2.441497778832105,1,0,0,0,1,1,0,0,0,0,0,0,0,1,0,0,0,0,0,0,0,1
334,0,-1.0679463613790487,-0.2859972841804228,0,0,1,0,1,0,0,1,0,0,0,0,1,0,0,0,0,0,0,0,0,1
335,1,0.057146075854228665,2.042579288947925,1,0,0,1,0,0,1,0,0,0,0,0,1,0,0,0,0,0,0,0,0,1
336,0,0.057146075854228665,-0.4894421904510968,0,0,1,0,1,1,0,0,0,0,0,0,1,0,0,0,0,0,0,0,0,1
337,0,-0.06794482722927452,0.6925485130875209,1,0,0,0,1,0,1,0,0,0,0,0,1,0,0,0,0,0,0,0,0,1
338,1,0.8551335119859017,2.059693773056521,1,0,0,1,0,1,0,0,0,0,0,0,1,0,0,0,0,0,0,1,0,0
339,1,1.1628262917242937,-0.4863374216869257,0,0,1,0,1,1,0,0,0,0,0,0,1,0,0,0,0,0,0,0,0,1
340,0,1.1628262917242937,0.06635974158478332,1,0,0,0,1,1,0,0,0,0,0,0,1,0,0,0,0,0,0,0,0,1
341,1,-2.144871090463421,-0.12491978668775715,0,1,0,0,1,0,1,0,0,0,0,0,0,1,0,0,0,0,0,0,0,1
342,1,-0.4525608019022646,4.647001076532463,1,0,0,1,0,0,0,0,1,0,0,0,0,0,1,0,0,0,0,0,0,1
343,0,-0.14486802216387254,-0.3866707201133388,0,1,0,0,1,1,0,0,0,0,0,0,1,0,0,0,0,0,0,0,0,1
344,0,-0.3756376069676666,-0.3866707201133388,0,1,0,0,1,1,0,0,0,0,0,0,1,0,0,0,0,0,0,0,0,1
345,0,0.4705175373129116,-0.3866707201133388,0,1,0,0,1,1,0,0,0,0,0,0,1,0,0,0,0,0,0,0,0,1
346,1,-0.4525608019022646,-0.3866707201133388,0,1,0,1,0,1,0,0,0,0,0,0,1,0,0,0,0,0,0,0,0,1
347,1,0.7782103170513037,-0.3866707201133388,0,1,0,1,0,1,0,0,0,0,0,0,1,0,0,0,0,0,0,0,0,1
348,1,0.057146075854228665,-0.32425318983493084,0,0,1,1,0,0,1,0,0,0,0,0,1,0,0,0,0,0,0,0,0,1
349,1,-2.067947895528823,-0.32828012727224753,0,0,1,0,1,0,1,0,0,0,0,0,0,1,0,0,0,0,0,0,0,1
350,0,0.9320567069204998,-0.47400492578514347,0,0,1,0,1,1,0,0,0,0,0,0,1,0,0,0,0,0,0,0,0,1
351,0,-0.5294839968368626,-0.4626791642426904,0,0,1,0,1,1,0,0,0,0,0,0,1,0,0,0,0,0,0,0,0,1
352,0,0.057146075854228665,0.05629239799149171,1,0,0,0,1,1,0,0,0,0,0,0,1,0,0,0,0,0,0,0,0,1
353,0,-1.1448695563136468,-0.5028639729296732,0,0,1,0,1,0,1,0,0,0,0,0,0,1,0,0,0,0,0,1,0,0
354,0,-0.3756376069676666,-0.29002422161773944,0,0,1,0,1,0,1,0,0,0,0,0,1,0,0,0,0,0,0,0,0,1
355,0,0.057146075854228665,-0.5029485386158568,0,0,1,0,1,1,0,0,0,0,0,0,1,0,0,0,0,0,0,1,0,0
356,0,-0.14486802216387254,-0.45714212526638004,0,0,1,0,1,1,0,0,0,0,0,0,1,0,0,0,0,0,0,0,0,1
357,1,-0.6064071917714606,0.4589861417231558,1,0,0,1,0,1,0,0,0,0,0,0,0,1,0,0,0,0,0,0,0,1
358,0,0.6243639271821076,-0.3866707201133388,0,1,0,1,0,1,0,0,0,0,0,0,1,0,0,0,0,0,0,0,0,1
359,1,0.057146075854228665,-0.48977642625839407,0,0,1,1,0,1,0,0,0,0,0,0,1,0,0,0,0,0,0,0,1,0
360,1,0.057146075854228665,-0.48977642625839407,0,0,1,1,0,1,0,0,0,0,0,0,1,0,0,0,0,0,0,0,1,0
361,0,0.7782103170513037,-0.08666388103324908,0,0,1,0,1,0,1,0,0,0,0,0,0,0,0,0,1,0,0,0,0,1
362,0,-0.06794482722927452,-0.09027201697708476,0,1,0,0,1,0,1,0,0,0,0,0,1,0,0,0,0,0,0,1,0,0
363,0,1.1628262917242937,-0.3573908580066095,0,0,1,1,0,1,0,0,0,0,0,0,0,1,0,0,0,0,0,1,0,0
364,0,0.3935943423783136,-0.5064721088735089,0,0,1,0,1,1,0,0,0,0,0,0,1,0,0,0,0,0,0,0,0,1
365,0,0.057146075854228665,-0.3363340021468808,0,0,1,0,1,0,1,0,0,0,0,0,1,0,0,0,0,0,0,0,1,0
366,0,0.008978367705323504,-0.5024451714361923,0,0,1,0,1,1,0,0,0,0,0,0,1,0,0,0,0,0,0,0,0,1
367,1,2.316674215743264,0.8667135572514657,1,0,0,1,0,0,1,0,0,0,0,0,1,0,0,0,0,0,0,1,0,0
368,1,0.057146075854228665,-0.5028639729296732,0,0,1,1,0,1,0,0,0,0,0,0,1,0,0,0,0,0,0,1,0,0
369,1,0.057146075854228665,-0.49237782784290063,0,0,1,1,0,1,0,0,0,0,0,0,1,0,0,0,0,0,0,0,1,0
370,1,-0.4525608019022646,0.7469121684912956,1,0,0,1,0,1,0,0,0,0,0,0,1,0,0,0,0,0,0,1,0,0
371,1,-0.3756376069676666,0.4678796330534696,1,0,0,0,1,0,1,0,0,0,0,0,1,0,0,0,0,0,0,1,0,0
372,0,-0.9140999715098528,-0.5176307525123133,0,0,1,0,1,0,1,0,0,0,0,0,1,0,0,0,0,0,0,0,0,1
373,0,-0.8371767765752547,-0.4863374216869257,0,0,1,0,1,1,0,0,0,0,0,0,1,0,0,0,0,0,0,0,0,1
374,0,-0.6064071917714606,2.0825124140450755,1,0,0,0,1,1,0,0,0,0,0,0,1,0,0,0,0,0,0,1,0,0
375,0,-2.067947895528823,-0.22408312108167944,0,0,1,1,0,0,0,0,1,0,0,0,0,1,0,0,0,0,0,0,0,1
376,1,0.057146075854228665,1.0060617003323709,1,0,0,1,0,0,1,0,0,0,0,0,1,0,0,0,0,0,0,1,0,0
377,1,-0.6064071917714606,-0.5024451714361923,0,0,1,1,0,1,0,0,0,0,0,0,1,0,0,0,0,0,0,0,0,1
378,0,-0.22179121709847055,3.610064686423428,1,0,0,0,1,1,0,0,0,0,0,0,0,0,1,0,0,0,0,1,0,0
379,0,-0.7602535816406567,-0.5676312212027554,0,0,1,0,1,1,0,0,0,0,0,0,1,0,0,0,0,0,0,1,0,0
380,0,-0.8371767765752547,-0.4918744606632361,0,0,1,0,1,1,0,0,0,0,0,0,1,0,0,0,0,0,0,0,0,1
381,1,0.9320567069204998,3.9327230485884233,1,0,0,1,0,1,0,0,0,0,0,0,1,0,0,0,0,0,0,1,0,0
382,1,-2.221794285398019,-0.33146744825388363,0,0,1,1,0,1,0,0,0,0,0,0,0,0,1,0,0,0,0,1,0,0
383,0,0.16282475757451956,-0.4888542575852486,0,0,1,0,1,1,0,0,0,0,0,0,1,0,0,0,0,0,0,0,0,1
384,1,0.3935943423783136,0.39858208016340624,1,0,0,1,0,0,1,0,0,0,0,0,1,0,0,0,0,0,0,0,0,1
385,0,0.057146075854228665,-0.4894421904510968,0,0,1,0,1,1,0,0,0,0,0,0,1,0,0,0,0,0,0,0,0,1
386,0,-0.9140999715098528,0.8314778546749452,0,1,0,0,1,1,0,0,0,0,0,0,1,0,0,0,0,0,0,0,0,1
387,0,-2.221794285398019,0.2958951755118318,0,0,1,0,1,0,0,0,0,0,1,0,0,0,1,0,0,0,0,0,0,1
388,1,0.4705175373129116,-0.3866707201133388,0,1,0,1,0,1,0,0,0,0,0,0,1,0,0,0,0,0,0,0,0,1
389,0,0.057146075854228665,-0.49279662933638163,0,0,1,0,1,1,0,0,0,0,0,0,1,0,0,0,0,0,0,0,1,0
390,1,-0.9910231664444508,-0.40680540729992204,0,1,0,1,0,1,0,0,0,0,0,0,1,0,0,0,0,0,0,1,0,0
391,1,0.4705175373129116,1.7677408088510642,1,0,0,0,1,0,1,0,0,0,0,0,0,0,1,0,0,0,0,0,0,1
392,1,-0.6833303867060587,-0.49145565916975514,0,0,1,0,1,1,0,0,0,0,0,0,1,0,0,0,0,0,0,0,0,1
393,0,-0.14486802216387254,-0.4888542575852486,0,0,1,0,1,0,0,1,0,0,0,0,1,0,0,0,0,0,0,0,0,1
394,1,-0.5294839968368626,1.6323350375212924,1,0,0,1,0,0,1,0,0,0,0,0,1,0,0,0,0,0,0,1,0,0
395,1,-0.4525608019022646,-0.312172377522981,0,0,1,1,0,1,0,0,0,0,0,0,0,0,1,0,0,0,0,0,0,1
396,0,-0.6064071917714606,-0.49145565916975514,0,0,1,0,1,1,0,0,0,0,0,0,1,0,0,0,0,0,0,0,0,1
397,0,0.08590156263992152,-0.4902797934380587,0,0,1,1,0,1,0,0,0,0,0,0,1,0,0,0,0,0,0,0,0,1
398,0,1.2397494866588918,-0.12491978668775715,0,1,0,0,1,1,0,0,0,0,0,0,1,0,0,0,0,0,0,0,0,1
399,0,-0.5294839968368626,-0.43700743807979686,0,1,0,0,1,1,0,0,0,0,0,0,1,0,0,0,0,0,0,0,0,1
400,1,-0.14486802216387254,-0.393717860628643,0,1,0,1,0,1,0,0,0,0,0,0,1,0,0,0,0,0,0,0,0,1
401,1,0.7012871221167057,-0.4888542575852486,0,0,1,0,1,1,0,0,0,0,0,0,1,0,0,0,0,0,0,0,0,1
402,0,-0.2987144120330686,-0.4863374216869257,0,0,1,0,1,1,0,0,0,0,0,0,1,0,0,0,0,0,0,0,0,1
403,0,-0.6833303867060587,-0.4505983519307405,0,0,1,1,0,0,1,0,0,0,0,0,1,0,0,0,0,0,0,0,0,1
404,0,-0.14486802216387254,-0.32928686163157667,0,0,1,0,1,0,1,0,0,0,0,0,1,0,0,0,0,0,0,0,0,1
405,0,-0.7602535816406567,-0.47400492578514347,0,0,1,1,0,1,0,0,0,0,0,0,1,0,0,0,0,0,0,0,0,1
406,0,0.3166711474437156,-0.22559322262067316,0,1,0,0,1,0,1,0,0,0,0,0,1,0,0,0,0,0,0,0,0,1
407,0,1.6243654613318819,-0.49237782784290063,0,0,1,0,1,1,0,0,0,0,0,0,1,0,0,0,0,0,0,0,0,1
408,1,-2.067947895528823,-0.2708962687904854,0,1,0,0,1,0,1,0,0,0,0,0,0,1,0,0,0,0,0,0,0,1
409,0,-0.6833303867060587,-0.4918744606632361,0,0,1,0,1,1,0,0,0,0,0,0,1,0,0,0,0,0,0,0,0,1
410,0,0.057146075854228665,-0.13565761536436197,0,0,1,1,0,0,0,0,1,0,0,0,0,1,0,0,0,0,0,0,0,1
411,0,0.057146075854228665,-0.4894421904510968,0,0,1,0,1,1,0,0,0,0,0,0,1,0,0,0,0,0,0,0,0,1
412,0,0.057146075854228665,-0.5103319284071769,0,0,1,0,1,1,0,0,0,0,0,0,1,0,0,0,0,0,0,0,1,0
413,1,0.23974795250911757,1.163700193253568,1,0,0,1,0,0,1,0,0,0,0,0,1,0,0,0,0,0,0,0,1,0
414,0,0.057146075854228665,-0.6484216535389205,0,1,0,0,1,1,0,0,0,0,0,0,1,0,0,0,0,0,0,0,0,1
415,1,1.0859030967896959,-0.4888542575852486,0,0,1,0,1,1,0,0,0,0,0,0,1,0,0,0,0,0,0,0,0,1
416,0,0.057146075854228665,-0.4863374216869257,0,0,1,1,0,1,0,0,0,0,0,0,1,0,0,0,0,0,0,0,0,1
417,1,0.3166711474437156,0.005955680025033696,0,1,0,1,0,0,1,0,0,0,0,0,0,1,0,0,0,0,0,0,0,1
418,1,-0.9140999715098528,-0.3866707201133388,0,1,0,1,0,1,0,0,0,0,0,0,0,0,1,0,0,0,0,0,0,1
419,0,0.008978367705323504,-0.3866707201133388,0,1,0,0,1,1,0,0,0,0,0,0,1,0,0,0,0,0,0,0,0,1
420,0,-1.5294855309866369,-0.1621689579829361,0,0,1,1,0,1,0,0,0,0,0,0,0,0,1,0,0,0,0,0,0,1
421,0,0.057146075854228665,-0.4894421904510968,0,0,1,0,1,1,0,0,0,0,0,0,1,0,0,0,0,0,0,1,0,0
422,0,-0.6833303867060587,-0.49271407711891657,0,0,1,0,1,1,0,0,0,0,0,0,1,0,0,0,0,0,0,0,1,0
423,0,-0.06794482722927452,-0.4898609919445778,0,0,1,0,1,1,0,0,0,0,0,0,1,0,0,0,0,0,0,0,0,1
424,0,-0.14486802216387254,-0.35848215805212236,0,0,1,1,0,0,1,0,0,0,0,0,0,1,0,0,0,0,0,0,0,1
425,0,-0.9140999715098528,-0.2414492887801075,0,0,1,0,1,0,1,0,0,0,0,0,0,1,0,0,0,0,0,0,0,1
426,0,0.057146075854228665,-0.5024451714361923,0,0,1,0,1,1,0,0,0,0,0,0,1,0,0,0,0,0,0,0,0,1
427,1,-0.14486802216387254,-0.12491978668775715,0,1,0,1,0,0,1,0,0,0,0,0,1,0,0,0,0,0,0,0,0,1
428,1,-0.8371767765752547,-0.12491978668775715,0,1,0,1,0,1,0,0,0,0,0,0,1,0,0,0,0,0,0,0,0,1
429,0,0.057146075854228665,-0.49237782784290063,0,0,1,0,1,1,0,0,0,0,0,0,1,0,0,0,0,0,0,0,1,0
430,1,0.16282475757451956,-0.4863374216869257,0,0,1,0,1,1,0,0,0,0,0,0,1,0,0,0,0,0,0,0,0,1
431,1,-0.14486802216387254,-0.11384570873513637,1,0,0,0,1,1,0,0,0,0,0,0,1,0,0,0,0,0,0,0,0,1
432,1,0.057146075854228665,-0.32425318983493084,0,0,1,1,0,0,1,0,0,0,0,0,1,0,0,0,0,0,0,0,0,1
433,1,0.9320567069204998,-0.12491978668775715,0,1,0,1,0,0,1,0,0,0,0,0,1,0,0,0,0,0,0,0,0,1
434,0,-0.9910231664444508,-0.5049620073345151,0,0,1,0,1,1,0,0,0,0,0,0,1,0,0,0,0,0,0,0,0,1
435,0,1.547442266397284,0.4771073601910807,1,0,0,0,1,0,1,0,0,0,0,0,1,0,0,0,0,0,0,0,0,1
436,1,-1.221792751248245,1.7677408088510642,1,0,0,1,0,0,1,0,0,0,0,0,0,0,1,0,0,0,0,0,0,1
437,0,-0.6833303867060587,0.04370821849987721,0,0,1,1,0,0,0,1,0,0,0,0,0,0,1,0,0,0,0,0,0,1
438,1,-0.4525608019022646,-0.2708962687904854,0,1,0,1,0,0,0,1,0,0,0,0,0,0,0,1,0,0,0,0,0,1
439,0,2.6243669954816564,4.647001076532463,1,0,0,0,1,0,1,0,0,0,0,0,0,0,0,0,1,0,0,0,0,1
440,0,0.08590156263992152,-0.43700743807979686,0,1,0,0,1,1,0,0,0,0,0,0,1,0,0,0,0,0,0,0,0,1
441,1,1.1628262917242937,-0.11988611489111134,0,1,0,1,0,0,1,0,0,0,0,0,0,1,0,0,0,0,0,0,0,1
442,0,-0.7602535816406567,-0.45714212526638004,0,0,1,0,1,1,0,0,0,0,0,0,1,0,0,0,0,0,0,0,0,1
443,0,-0.3756376069676666,-0.4918744606632361,0,0,1,0,1,0,1,0,0,0,0,0,1,0,0,0,0,0,0,0,0,1
444,1,-0.14486802216387254,-0.3866707201133388,0,1,0,1,0,1,0,0,0,0,0,0,1,0,0,0,0,0,0,0,0,1
445,1,0.057146075854228665,-0.48507900373776425,0,0,1,0,1,1,0,0,0,0,0,0,1,0,0,0,0,0,0,0,0,1
446,1,-1.991024700594225,0.9997696105865636,1,0,0,0,1,1,0,0,0,0,0,0,0,0,1,0,0,0,0,0,0,1
447,1,-1.2987159461828428,-0.255795253400548,0,1,0,1,0,1,0,0,0,0,0,0,0,1,0,0,0,0,0,0,0,1
448,1,0.3166711474437156,-0.11384570873513637,1,0,0,0,1,1,0,0,0,0,0,0,1,0,0,0,0,0,0,0,0,1
449,1,-1.9141015056596271,-0.26066180729354516,0,0,1,1,0,0,0,1,0,0,0,0,0,1,0,0,0,0,0,1,0,0
450,1,1.70128865626648,-0.034313694348132716,1,0,0,0,1,1,0,0,0,0,0,0,1,0,0,0,0,0,0,0,0,1
451,0,0.4705175373129116,-0.08968408411123653,0,1,0,0,1,0,1,0,0,0,0,0,0,0,1,0,0,0,0,0,0,1
452,0,0.057146075854228665,-0.2463983948905696,0,0,1,0,1,0,1,0,0,0,0,0,1,0,0,0,0,0,0,0,0,1
453,0,0.008978367705323504,-0.08968408411123653,1,0,0,0,1,1,0,0,0,0,0,0,1,0,0,0,0,0,0,1,0,0
454,1,1.470519071462686,1.145663540471827,1,0,0,0,1,0,1,0,0,0,0,0,1,0,0,0,0,0,0,1,0,0
455,0,0.057146075854228665,-0.4863374216869257,0,0,1,0,1,1,0,0,0,0,0,0,1,0,0,0,0,0,0,0,0,1
456,1,-0.06794482722927452,-0.4894421904510968,0,0,1,0,1,1,0,0,0,0,0,0,1,0,0,0,0,0,0,1,0,0
457,0,2.701290190416254,-0.11384570873513637,1,0,0,0,1,1,0,0,0,0,0,0,1,0,0,0,0,0,0,0,0,1
458,1,0.057146075854228665,0.395813560675251,1,0,0,1,0,0,1,0,0,0,0,0,1,0,0,0,0,0,0,0,0,1
459,1,1.547442266397284,-0.43700743807979686,0,1,0,1,0,1,0,0,0,0,0,0,1,0,0,0,0,0,0,0,0,1
460,0,0.057146075854228665,-0.49237782784290063,0,0,1,0,1,1,0,0,0,0,0,0,1,0,0,0,0,0,0,0,1,0
461,1,1.3935958765280878,-0.11384570873513637,1,0,0,0,1,1,0,0,0,0,0,0,1,0,0,0,0,0,0,0,0,1
462,0,0.3166711474437156,-0.4863374216869257,0,0,1,0,1,1,0,0,0,0,0,0,1,0,0,0,0,0,0,0,0,1
463,0,1.31667268159349,0.12676380314453292,1,0,0,0,1,1,0,0,0,0,0,0,1,0,0,0,0,0,0,0,0,1
464,0,1.3935958765280878,-0.3866707201133388,0,1,0,0,1,1,0,0,0,0,0,0,1,0,0,0,0,0,0,0,0,1
465,0,0.057146075854228665,-0.4863374216869257,0,0,1,0,1,1,0,0,0,0,0,0,1,0,0,0,0,0,0,0,0,1
466,0,0.6243639271821076,-0.5064721088735089,0,0,1,0,1,1,0,0,0,0,0,0,1,0,0,0,0,0,0,0,0,1
467,0,0.057146075854228665,-0.6484216535389205,0,1,0,0,1,1,0,0,0,0,0,0,1,0,0,0,0,0,0,0,0,1
468,0,2.008981436004872,-0.11384570873513637,1,0,0,0,1,1,0,0,0,0,0,0,1,0,0,0,0,0,0,0,0,1
469,0,0.057146075854228665,-0.4928811950225652,0,0,1,0,1,1,0,0,0,0,0,0,1,0,0,0,0,0,0,0,1,0
470,1,-2.241025084131669,-0.26066180729354516,0,0,1,1,0,0,0,1,0,0,0,0,0,1,0,0,0,0,0,1,0,0
471,0,0.057146075854228665,-0.5024451714361923,0,0,1,0,1,1,0,0,0,0,0,0,1,0,0,0,0,0,0,0,0,1
472,0,0.6243639271821076,-0.47400492578514347,0,0,1,0,1,1,0,0,0,0,0,0,1,0,0,0,0,0,0,0,0,1
473,1,0.23974795250911757,-0.08968408411123653,0,1,0,1,0,0,1,0,0,0,0,0,0,0,1,0,0,0,0,0,0,1
474,1,-0.5294839968368626,-0.3707300882677209,0,1,0,1,0,1,0,0,0,0,0,0,1,0,0,0,0,0,0,1,0,0
475,0,-0.6064071917714606,-0.45034666834090825,0,0,1,1,0,1,0,0,0,0,0,0,1,0,0,0,0,0,0,0,0,1
476,0,0.057146075854228665,0.39858208016340624,1,0,0,0,1,1,0,0,0,0,0,0,1,0,0,0,0,0,0,0,0,1
477,0,0.3166711474437156,-0.22559322262067316,0,1,0,0,1,0,1,0,0,0,0,0,1,0,0,0,0,0,0,0,0,1
478,0,-0.06794482722927452,-0.5065566745596926,0,0,1,0,1,0,1,0,0,0,0,0,1,0,0,0,0,0,0,0,0,1
479,0,-0.6064071917714606,-0.4969926981460655,0,0,1,0,1,1,0,0,0,0,0,0,1,0,0,0,0,0,0,0,0,1
480,1,-2.144871090463421,-0.4010166847337793,0,0,1,1,0,1,0,0,0,0,0,0,0,1,0,0,0,0,0,0,0,1
481,0,-1.606408725921235,0.2958951755118318,0,0,1,0,1,0,0,0,0,0,1,0,0,0,1,0,0,0,0,0,0,1
482,0,0.057146075854228665,-0.6484216535389205,0,1,0,0,1,1,0,0,0,0,0,0,1,0,0,0,0,0,0,0,0,1
483,0,1.547442266397284,-0.4863374216869257,0,0,1,0,1,1,0,0,0,0,0,0,1,0,0,0,0,0,0,0,0,1
484,1,2.5474438005470583,-0.455380340137554,0,0,1,1,0,1,0,0,0,0,0,0,1,0,0,0,0,0,0,0,0,1
485,1,-0.3756376069676666,1.1854295476653287,1,0,0,0,1,0,1,0,0,0,0,0,1,0,0,0,0,0,0,1,0,0
486,0,0.057146075854228665,-0.13565761536436197,0,0,1,1,0,0,0,0,1,0,0,0,0,1,0,0,0,0,0,0,0,1
487,1,0.3935943423783136,1.163700193253568,1,0,0,1,0,0,1,0,0,0,0,0,1,0,0,0,0,0,0,0,0,1
488,0,2.1628278258740683,-0.05042144409739929,1,0,0,0,1,1,0,0,0,0,0,0,1,0,0,0,0,0,0,1,0,0
489,0,0.008978367705323504,-0.4863374216869257,0,0,1,0,1,1,0,0,0,0,0,0,1,0,0,0,0,0,0,0,0,1
490,1,-1.606408725921235,-0.32828012727224753,0,0,1,0,1,0,1,0,0,0,0,0,0,1,0,0,0,0,0,0,0,1
491,0,0.057146075854228665,-0.2463983948905696,0,0,1,0,1,0,1,0,0,0,0,0,1,0,0,0,0,0,0,0,0,1
492,0,-0.6833303867060587,-0.5024451714361923,0,0,1,0,1,1,0,0,0,0,0,0,1,0,0,0,0,0,0,0,0,1
493,0,1.932058241070274,-0.034313694348132716,1,0,0,0,1,1,0,0,0,0,0,0,1,0,0,0,0,0,0,0,0,1
494,0,3.162829360023842,0.3483299278831318,1,0,0,0,1,1,0,0,0,0,0,0,1,0,0,0,0,0,0,1,0,0
495,0,-0.6833303867060587,-0.4863374216869257,0,0,1,0,1,1,0,0,0,0,0,0,1,0,0,0,0,0,0,0,0,1
496,0,0.057146075854228665,-0.3573083057891445,0,0,1,0,1,1,0,0,0,0,0,0,1,0,0,0,0,0,0,1,0,0
497,1,1.855135046135676,0.9274538680872313,1,0,0,1,0,0,1,0,0,0,0,0,1,0,0,0,0,0,0,1,0,0
498,0,0.057146075854228665,-0.3443878770215141,0,0,1,0,1,1,0,0,0,0,0,0,1,0,0,0,0,0,0,0,0,1
499,0,-0.3756376069676666,2.4029901895877646,1,0,0,1,0,0,1,0,0,0,0,0,0,0,1,0,0,0,0,0,0,1
500,0,-0.4525608019022646,-0.49145565916975514,0,0,1,0,1,1,0,0,0,0,0,0,1,0,0,0,0,0,0,0,0,1
501,0,-0.9910231664444508,-0.47400492578514347,0,0,1,0,1,1,0,0,0,0,0,0,1,0,0,0,0,0,0,0,0,1
502,0,-0.6833303867060587,-0.49237782784290063,0,0,1,1,0,1,0,0,0,0,0,0,1,0,0,0,0,0,0,0,1,0
503,0,0.057146075854228665,-0.4948100980550399,0,0,1,1,0,1,0,0,0,0,0,0,1,0,0,0,0,0,0,0,1,0
504,0,0.5474407322475097,-0.455380340137554,0,0,1,1,0,1,0,0,0,0,0,0,1,0,0,0,0,0,0,0,0,1
505,1,-1.0679463613790487,1.093228788100527,1,0,0,1,0,1,0,0,0,0,0,0,1,0,0,0,0,0,0,0,0,1
506,0,-0.9140999715098528,1.5442457810799908,1,0,0,0,1,0,1,0,0,0,0,0,1,0,0,0,0,0,0,1,0,0
507,1,0.23974795250911757,-0.12491978668775715,0,1,0,1,0,1,0,0,0,0,0,0,0,0,1,0,0,0,0,0,0,1
508,1,0.057146075854228665,-0.11384570873513637,1,0,0,0,1,1,0,0,0,0,0,0,1,0,0,0,0,0,0,0,0,1
509,0,-0.14486802216387254,-0.1948878246611338,0,0,1,0,1,1,0,0,0,0,0,0,1,0,0,0,0,0,0,0,0,1
510,1,-0.2987144120330686,0.48910360681684706,0,0,1,0,1,1,0,0,0,0,0,0,1,0,0,0,0,0,0,0,0,1
511,1,-0.06794482722927452,-0.49237782784290063,0,0,1,0,1,1,0,0,0,0,0,0,1,0,0,0,0,0,0,0,1,0
512,0,0.057146075854228665,-0.4863374216869257,0,0,1,0,1,1,0,0,0,0,0,0,1,0,0,0,0,0,0,0,0,1
513,1,0.4705175373129116,-0.11913106412161445,1,0,0,0,1,1,0,0,0,0,0,0,1,0,0,0,0,0,0,0,0,1
514,1,1.855135046135676,0.5475787653441219,1,0,0,1,0,0,1,0,0,0,0,0,1,0,0,0,0,0,0,1,0,0
515,0,-0.4525608019022646,-0.4974960653257301,0,0,1,0,1,1,0,0,0,0,0,0,1,0,0,0,0,0,0,0,0,1
516,0,1.31667268159349,0.036576512298389464,1,0,0,0,1,1,0,0,0,0,0,0,1,0,0,0,0,0,0,0,0,1
517,1,0.3166711474437156,-0.43700743807979686,0,1,0,1,0,1,0,0,0,0,0,0,1,0,0,0,0,0,0,0,0,1
518,0,0.057146075854228665,-0.1621689579829361,0,0,1,0,1,1,0,0,0,0,0,0,1,0,0,0,0,0,0,0,1,0
519,1,0.4705175373129116,-0.12491978668775715,0,1,0,1,0,0,1,0,0,0,0,0,1,0,0,0,0,0,0,0,0,1
520,0,0.16282475757451956,-0.4894421904510968,0,0,1,0,1,1,0,0,0,0,0,0,1,0,0,0,0,0,0,0,0,1
521,1,0.008978367705323504,1.2341715984066093,1,0,0,1,0,1,0,0,0,0,0,0,1,0,0,0,0,0,0,0,0,1
522,0,-0.6064071917714606,-0.4894421904510968,0,0,1,0,1,1,0,0,0,0,0,0,1,0,0,0,0,0,0,0,0,1
523,0,0.057146075854228665,-0.5029485386158568,0,0,1,0,1,1,0,0,0,0,0,0,1,0,0,0,0,0,0,1,0,0
524,1,1.0859030967896959,0.5189714017894245,1,0,0,1,0,1,0,0,0,0,0,0,0,1,0,0,0,0,0,1,0,0
525,0,0.057146075854228665,-0.5028639729296732,0,0,1,0,1,1,0,0,0,0,0,0,1,0,0,0,0,0,0,1,0,0
526,0,0.8166719145186028,-0.49237782784290063,0,0,1,0,1,1,0,0,0,0,0,0,1,0,0,0,0,0,0,0,1,0
527,1,1.547442266397284,-0.43700743807979686,0,1,0,1,0,1,0,0,0,0,0,0,1,0,0,0,0,0,0,0,0,1
528,0,0.057146075854228665,3.817033162951754,1,0,0,0,1,1,0,0,0,0,0,0,1,0,0,0,0,0,0,0,0,1
529,0,0.7012871221167057,-0.4888542575852486,0,0,1,0,1,1,0,0,0,0,0,0,1,0,0,0,0,0,0,0,0,1
530,0,-0.5294839968368626,-0.41687275089321363,0,1,0,0,1,0,0,1,0,0,0,0,0,1,0,0,0,0,0,0,0,1
531,1,-2.144871090463421,-0.12491978668775715,0,1,0,1,0,0,1,0,0,0,0,0,0,1,0,0,0,0,0,0,0,1
532,0,0.057146075854228665,-0.5028639729296732,0,0,1,0,1,1,0,0,0,0,0,0,1,0,0,0,0,0,0,1,0,0
533,0,-0.9910231664444508,-0.5028639729296732,0,0,1,0,1,0,1,0,0,0,0,0,0,1,0,0,0,0,0,1,0,0
534,1,0.057146075854228665,-0.19824427701513722,0,0,1,1,0,1,0,0,0,0,0,0,0,0,1,0,0,0,0,1,0,0
535,0,0.008978367705323504,-0.47400492578514347,0,0,1,1,0,1,0,0,0,0,0,0,1,0,0,0,0,0,0,0,0,1
536,1,-1.760255115790431,-0.11988611489111134,0,1,0,1,0,1,0,0,0,0,0,0,0,0,1,0,0,0,0,0,0,1
537,0,1.1628262917242937,-0.11384570873513637,1,0,0,0,1,1,0,0,0,0,0,0,1,0,0,0,0,0,0,0,0,1
538,1,0.008978367705323504,1.4944124302931971,1,0,0,1,0,1,0,0,0,0,0,0,1,0,0,0,0,0,0,1,0,0
539,0,0.057146075854228665,-0.35646868933346404,0,0,1,0,1,1,0,0,0,0,0,0,1,0,0,0,0,0,0,0,0,1
540,1,-0.6064071917714606,0.3482453621969482,1,0,0,1,0,1,0,0,0,0,0,0,0,0,1,0,0,0,0,1,0,0
541,1,0.4705175373129116,0.7811411367084872,1,0,0,1,0,1,0,0,0,0,0,0,0,0,1,0,0,0,0,0,0,1
542,0,-1.606408725921235,-0.01870931177853076,0,0,1,1,0,0,0,0,0,1,0,0,0,0,1,0,0,0,0,0,0,1
543,0,-1.452562336052039,-0.01870931177853076,0,0,1,1,0,0,0,0,0,1,0,0,0,0,1,0,0,0,0,0,0,1
544,1,0.16282475757451956,-0.12491978668775715,0,1,0,0,1,0,1,0,0,0,0,0,1,0,0,0,0,0,0,0,0,1
545,0,1.547442266397284,1.4944124302931971,1,0,0,0,1,0,1,0,0,0,0,0,1,0,0,0,0,0,0,1,0,0
546,0,2.6243669954816564,-0.12491978668775715,1,0,0,0,1,1,0,0,0,0,0,0,1,0,0,0,0,0,0,0,0,1
547,1,-0.8371767765752547,-0.12491978668775715,0,1,0,1,0,0,1,0,0,0,0,0,1,0,0,0,0,0,0,0,0,1
548,1,0.057146075854228665,-0.3693045524149108,0,1,0,0,1,1,0,0,0,0,0,0,1,0,0,0,0,0,0,1,0,0
549,0,0.23974795250911757,-0.2351571990343002,0,0,1,0,1,0,1,0,0,0,0,0,0,1,0,0,0,0,0,0,0,1
550,1,-1.683331920855833,0.09152810056801232,0,1,0,0,1,0,1,0,0,0,0,0,0,1,0,0,0,0,0,0,0,1
551,1,-0.9910231664444508,1.5841789061771412,1,0,0,0,1,1,0,0,0,0,0,0,0,0,1,0,0,0,0,1,0,0
552,0,-0.22179121709847055,-0.12491978668775715,0,1,0,0,1,1,0,0,0,0,0,0,1,0,0,0,0,0,0,0,0,1
553,0,0.057146075854228665,-0.49078316061772326,0,0,1,0,1,1,0,0,0,0,0,0,1,0,0,0,0,0,0,0,1,0
554,1,-0.6064071917714606,-0.5029485386158568,0,0,1,0,1,1,0,0,0,0,0,0,1,0,0,0,0,0,0,1,0,0
555,1,-0.6064071917714606,-0.4918744606632361,0,0,1,1,0,1,0,0,0,0,0,0,1,0,0,0,0,0,0,0,0,1
556,0,2.4705206056124602,-0.11384570873513637,1,0,0,0,1,1,0,0,0,0,0,0,1,0,0,0,0,0,0,0,0,1
557,1,1.3935958765280878,0.1489119590497745,1,0,0,1,0,0,1,0,0,0,0,0,1,0,0,0,0,0,0,1,0,0
558,0,0.057146075854228665,3.9327230485884233,1,0,0,0,1,1,0,0,0,0,0,0,1,0,0,0,0,0,0,1,0,0
559,1,0.7012871221167057,0.955306180872432,1,0,0,1,0,0,1,0,0,0,0,0,0,1,0,0,0,0,0,0,0,1
560,1,0.4705175373129116,-0.29807809649237277,0,0,1,1,0,0,1,0,0,0,0,0,1,0,0,0,0,0,0,0,0,1
561,0,0.057146075854228665,-0.49237782784290063,0,0,1,0,1,1,0,0,0,0,0,0,1,0,0,0,0,0,0,0,1,0
562,0,0.7782103170513037,-0.4894421904510968,0,0,1,0,1,1,0,0,0,0,0,0,1,0,0,0,0,0,0,0,0,1
563,0,-0.14486802216387254,-0.3766033765200472,0,1,0,0,1,1,0,0,0,0,0,0,1,0,0,0,0,0,0,0,0,1
564,0,0.057146075854228665,-0.4863374216869257,0,0,1,0,1,1,0,0,0,0,0,0,1,0,0,0,0,0,0,0,0,1
565,0,0.057146075854228665,-0.4863374216869257,0,0,1,1,0,1,0,0,0,0,0,0,1,0,0,0,0,0,0,0,0,1
566,0,-0.4525608019022646,-0.1621689579829361,0,0,1,0,1,0,0,1,0,0,0,0,1,0,0,0,0,0,0,0,0,1
567,0,-0.8371767765752547,-0.4894421904510968,0,0,1,0,1,1,0,0,0,0,0,0,1,0,0,0,0,0,0,0,0,1
568,0,-0.06794482722927452,-0.22408312108167944,0,0,1,1,0,1,0,0,0,0,0,0,0,0,0,0,1,0,0,0,0,1
569,0,0.057146075854228665,-0.5028639729296732,0,0,1,0,1,1,0,0,0,0,0,0,1,0,0,0,0,0,0,1,0,0
570,1,0.16282475757451956,-0.4902797934380587,0,0,1,0,1,1,0,0,0,0,0,0,1,0,0,0,0,0,0,0,0,1
571,1,2.4705206056124602,-0.43700743807979686,0,1,0,0,1,1,0,0,0,0,0,0,1,0,0,0,0,0,0,0,0,1
572,1,1.778211851201078,0.38809593507663365,1,0,0,1,0,0,0,1,0,0,0,0,1,0,0,0,0,0,0,0,0,1
573,1,0.4705175373129116,-0.11711759540295616,1,0,0,0,1,1,0,0,0,0,0,0,1,0,0,0,0,0,0,0,0,1
574,1,0.057146075854228665,-0.49237782784290063,0,0,1,1,0,1,0,0,0,0,0,0,1,0,0,0,0,0,0,0,1,0
575,0,-1.0679463613790487,-0.4863374216869257,0,0,1,0,1,1,0,0,0,0,0,0,1,0,0,0,0,0,0,0,0,1
576,0,-0.8371767765752547,-0.35646868933346404,0,0,1,0,1,1,0,0,0,0,0,0,1,0,0,0,0,0,0,0,0,1
577,1,0.3166711474437156,-0.3866707201133388,0,1,0,1,0,1,0,0,0,0,0,0,1,0,0,0,0,0,0,0,0,1
578,1,0.7012871221167057,0.4771073601910807,1,0,0,1,0,0,1,0,0,0,0,0,1,0,0,0,0,0,0,0,0,1
579,0,0.057146075854228665,-0.3573083057891445,0,0,1,1,0,0,1,0,0,0,0,0,1,0,0,0,0,0,0,1,0,0
580,1,0.16282475757451956,-0.4888542575852486,0,0,1,0,1,1,0,0,0,0,0,0,1,0,0,0,0,0,0,0,0,1
581,1,-0.3756376069676666,-0.04438103794142432,0,1,0,1,0,0,1,0,0,0,0,0,0,1,0,0,0,0,0,0,0,1
582,1,0.7012871221167057,1.5841789061771412,1,0,0,1,0,0,1,0,0,0,0,0,0,1,0,0,0,0,0,1,0,0
583,0,1.855135046135676,-0.12491978668775715,0,1,0,0,1,1,0,0,0,0,0,0,1,0,0,0,0,0,0,0,0,1
584,0,0.4705175373129116,0.15948266982273065,1,0,0,0,1,1,0,0,0,0,0,0,1,0,0,0,0,0,0,1,0,0
585,0,0.057146075854228665,-0.47299819142581434,0,0,1,0,1,1,0,0,0,0,0,0,1,0,0,0,0,0,0,1,0,0
586,1,-0.9140999715098528,0.955306180872432,1,0,0,1,0,1,0,0,0,0,0,0,0,0,1,0,0,0,0,0,0,1
587,0,1.31667268159349,-0.3464013457401724,0,1,0,0,1,1,0,0,0,0,0,0,1,0,0,0,0,0,0,0,0,1
588,1,2.316674215743264,0.9462455716384695,1,0,0,0,1,0,1,0,0,0,0,0,0,1,0,0,0,0,0,1,0,0
589,0,-0.6064071917714606,-0.4863374216869257,0,0,1,0,1,1,0,0,0,0,0,0,1,0,0,0,0,0,0,0,0,1
590,0,0.057146075854228665,-0.4863374216869257,0,0,1,0,1,1,0,0,0,0,0,0,1,0,0,0,0,0,0,0,0,1
591,0,0.3935943423783136,-0.5049620073345151,0,0,1,0,1,1,0,0,0,0,0,0,1,0,0,0,0,0,0,0,0,1
592,1,1.70128865626648,0.9274538680872313,1,0,0,1,0,0,1,0,0,0,0,0,1,0,0,0,0,0,0,1,0,0
593,0,1.31667268159349,-0.5024451714361923,0,0,1,0,1,1,0,0,0,0,0,0,1,0,0,0,0,0,0,0,0,1
594,0,0.057146075854228665,-0.49237782784290063,0,0,1,1,0,1,0,0,0,0,0,0,0,0,1,0,0,0,0,0,1,0
595,0,0.5474407322475097,-0.12491978668775715,0,1,0,0,1,0,1,0,0,0,0,0,1,0,0,0,0,0,0,0,0,1
596,0,0.4705175373129116,-0.1621689579829361,0,0,1,0,1,0,1,0,0,0,0,0,0,1,0,0,0,0,0,0,0,1
597,1,0.057146075854228665,0.016023023618325298,0,1,0,1,0,1,0,0,0,0,0,0,1,0,0,0,0,0,0,0,0,1
598,0,1.470519071462686,-0.6484216535389205,0,0,1,0,1,1,0,0,0,0,0,0,1,0,0,0,0,0,0,0,0,1
599,0,0.057146075854228665,-0.5029485386158568,0,0,1,0,1,1,0,0,0,0,0,0,1,0,0,0,0,0,0,1,0,0
600,1,1.470519071462686,0.49782998024351216,1,0,0,0,1,0,1,0,0,0,0,0,1,0,0,0,0,0,0,1,0,0
601,1,-0.4525608019022646,-0.10478509950117394,0,1,0,1,0,0,0,1,0,0,0,0,0,1,0,0,0,0,0,0,0,1
602,0,0.057146075854228665,-0.4894421904510968,0,0,1,0,1,1,0,0,0,0,0,0,1,0,0,0,0,0,0,0,0,1
603,0,0.057146075854228665,0.2052890831722074,1,0,0,0,1,1,0,0,0,0,0,0,1,0,0,0,0,0,0,0,0,1
604,0,1.0859030967896959,-0.4863374216869257,0,0,1,0,1,1,0,0,0,0,0,0,1,0,0,0,0,0,0,0,0,1
605,1,0.3935943423783136,-0.11384570873513637,1,0,0,0,1,1,0,0,0,0,0,0,1,0,0,0,0,0,0,1,0,0
606,0,0.4705175373129116,-0.3353272677875516,0,0,1,0,1,0,1,0,0,0,0,0,1,0,0,0,0,0,0,0,0,1
607,0,0.008978367705323504,-0.4894421904510968,0,0,1,0,1,1,0,0,0,0,0,0,1,0,0,0,0,0,0,0,0,1
608,1,-0.22179121709847055,-0.034313694348132716,1,0,0,0,1,1,0,0,0,0,0,0,1,0,0,0,0,0,0,0,0,1
609,1,-0.6064071917714606,0.18876253192945994,0,1,0,1,0,0,1,0,0,0,0,0,0,0,1,0,0,0,0,1,0,0
610,1,0.7782103170513037,2.441497778832105,1,0,0,1,0,1,0,0,0,0,0,0,1,0,0,0,0,0,0,0,0,1
611,0,0.7012871221167057,-0.01870931177853076,0,0,1,1,0,0,1,0,0,0,0,0,0,0,0,0,0,1,0,0,0,1
612,0,0.057146075854228665,-0.5064721088735089,0,0,1,0,1,1,0,0,0,0,0,0,1,0,0,0,0,0,0,0,0,1
613,1,0.057146075854228665,-0.3363340021468808,0,0,1,1,0,0,1,0,0,0,0,0,1,0,0,0,0,0,0,0,1,0
614,0,0.057146075854228665,-0.49237782784290063,0,0,1,0,1,1,0,0,0,0,0,0,1,0,0,0,0,0,0,0,1,0
615,0,0.3935943423783136,-0.4863374216869257,0,0,1,0,1,1,0,0,0,0,0,0,1,0,0,0,0,0,0,0,0,1
616,1,-0.4525608019022646,0.6603330135889879,0,1,0,1,0,0,1,0,0,0,0,0,0,0,1,0,0,0,0,0,0,1
617,0,0.3166711474437156,-0.35848215805212236,0,0,1,0,1,0,1,0,0,0,0,0,0,1,0,0,0,0,0,0,0,1
618,0,-0.2987144120330686,-0.32425318983493084,0,0,1,1,0,0,1,0,0,0,0,0,1,0,0,0,0,0,0,0,0,1
619,1,-1.991024700594225,0.13683114673782454,0,1,0,1,0,0,0,1,0,0,0,0,0,1,0,0,0,0,0,0,0,1
620,0,-0.2987144120330686,-0.43700743807979686,0,1,0,0,1,1,0,0,0,0,0,0,1,0,0,0,0,0,0,0,0,1
621,0,-0.22179121709847055,-0.3573908580066095,0,0,1,0,1,0,1,0,0,0,0,0,1,0,0,0,0,0,0,1,0,0
622,1,0.9320567069204998,0.40974072380221066,1,0,0,0,1,0,1,0,0,0,0,0,1,0,0,0,0,0,0,0,0,1
623,1,-0.7602535816406567,-0.33146744825388363,0,0,1,0,1,0,1,0,0,0,0,0,0,1,0,0,0,0,0,1,0,0
624,0,-0.6833303867060587,-0.4902797934380587,0,0,1,0,1,1,0,0,0,0,0,0,1,0,0,0,0,0,0,0,0,1
625,0,-0.6833303867060587,-0.32425318983493084,0,0,1,0,1,1,0,0,0,0,0,0,1,0,0,0,0,0,0,0,0,1
626,0,2.393597410677862,0.002347544081197954,1,0,0,0,1,1,0,0,0,0,0,0,1,0,0,0,0,0,0,0,0,1
627,0,2.08590463093947,-0.3997582667846179,0,1,0,0,1,1,0,0,0,0,0,0,1,0,0,0,0,0,0,0,1,0
628,1,-0.6833303867060587,0.921244330558889,1,0,0,1,0,1,0,0,0,0,0,0,1,0,0,0,0,0,0,0,0,1
629,0,-0.2987144120330686,-0.4894421904510968,0,0,1,0,1,1,0,0,0,0,0,0,1,0,0,0,0,0,0,0,0,1
630,0,0.057146075854228665,-0.49271407711891657,0,0,1,0,1,1,0,0,0,0,0,0,1,0,0,0,0,0,0,0,1,0
631,1,3.8551381144352246,-0.04438103794142432,1,0,0,0,1,1,0,0,0,0,0,0,1,0,0,0,0,0,0,0,0,1
632,0,1.6243654613318819,-0.5063875431873253,0,0,1,0,1,1,0,0,0,0,0,0,1,0,0,0,0,0,0,0,0,1
633,1,0.16282475757451956,-0.034313694348132716,1,0,0,0,1,1,0,0,0,0,0,0,1,0,0,0,0,0,0,1,0,0
634,0,0.057146075854228665,-0.6484216535389205,1,0,0,0,1,1,0,0,0,0,0,0,1,0,0,0,0,0,0,0,0,1
635,0,-1.606408725921235,-0.08666388103324908,0,0,1,1,0,0,0,0,1,0,0,0,0,0,1,0,0,0,0,0,0,1
636,1,-0.14486802216387254,-0.3866707201133388,0,1,0,1,0,1,0,0,0,0,0,0,1,0,0,0,0,0,0,0,0,1
637,0,0.16282475757451956,-0.4888542575852486,0,0,1,0,1,1,0,0,0,0,0,0,1,0,0,0,0,0,0,0,0,1
638,0,0.08590156263992152,-0.11988611489111134,0,1,0,0,1,0,1,0,0,0,0,0,0,1,0,0,0,0,0,0,0,1
639,0,0.8551335119859017,0.1506737441786005,0,0,1,1,0,1,0,0,0,0,0,0,0,0,0,0,0,1,0,0,0,1
640,0,0.057146075854228665,-0.32425318983493084,0,0,1,0,1,0,1,0,0,0,0,0,1,0,0,0,0,0,0,0,0,1
641,0,-0.7602535816406567,-0.4902797934380587,0,0,1,0,1,1,0,0,0,0,0,0,1,0,0,0,0,0,0,0,0,1
642,1,-0.4525608019022646,0.7469121684912956,1,0,0,1,0,1,0,0,0,0,0,0,1,0,0,0,0,0,0,1,0,0
643,0,-2.144871090463421,-0.08666388103324908,0,0,1,1,0,0,0,0,1,0,0,0,0,0,1,0,0,0,0,0,0,1
644,1,0.057146075854228665,0.48910360681684706,0,0,1,0,1,1,0,0,0,0,0,0,1,0,0,0,0,0,0,0,0,1
645,1,-2.241025084131669,-0.26066180729354516,0,0,1,1,0,0,0,1,0,0,0,0,0,1,0,0,0,0,0,1,0,0
646,1,1.3935958765280878,0.8964967865378598,1,0,0,0,1,0,1,0,0,0,0,0,1,0,0,0,0,0,0,1,0,0
647,0,-0.8371767765752547,-0.4894421904510968,0,0,1,0,1,1,0,0,0,0,0,0,1,0,0,0,0,0,0,0,0,1
648,1,2.008981436004872,0.06635974158478332,1,0,0,0,1,1,0,0,0,0,0,0,1,0,0,0,0,0,0,1,0,0
649,0,0.057146075854228665,-0.49640476528021726,0,0,1,0,1,1,0,0,0,0,0,0,1,0,0,0,0,0,0,0,0,1
650,1,-0.5294839968368626,-0.49640476528021726,0,0,1,1,0,1,0,0,0,0,0,0,1,0,0,0,0,0,0,0,0,1
651,0,0.057146075854228665,-0.4894421904510968,0,0,1,0,1,1,0,0,0,0,0,0,1,0,0,0,0,0,0,0,0,1
652,1,-0.9140999715098528,-0.18532384824750675,0,1,0,1,0,1,0,0,0,0,0,0,0,1,0,0,0,0,0,0,0,1
653,0,-0.6833303867060587,-0.47861979608830835,0,0,1,0,1,1,0,0,0,0,0,0,1,0,0,0,0,0,0,0,0,1
654,1,0.057146075854228665,-0.49078316061772326,0,0,1,1,0,1,0,0,0,0,0,0,1,0,0,0,0,0,0,0,1,0
655,0,-0.9140999715098528,-0.5125125150294839,0,0,1,1,0,1,0,0,0,0,0,0,1,0,0,0,0,0,0,0,1,0
656,0,-0.4525608019022646,0.8314778546749452,0,1,0,0,1,0,0,1,0,0,0,0,1,0,0,0,0,0,0,0,0,1
657,0,0.057146075854228665,-0.4894421904510968,0,0,1,0,1,1,0,0,0,0,0,0,1,0,0,0,0,0,0,0,0,1
658,0,0.16282475757451956,-0.3363340021468808,0,0,1,1,0,0,1,0,0,0,0,0,0,1,0,0,0,0,0,0,1,0
659,0,-0.5294839968368626,-0.3866707201133388,0,1,0,0,1,1,0,0,0,0,0,0,1,0,0,0,0,0,0,0,0,1
660,0,2.1628278258740683,1.6323350375212924,1,0,0,0,1,1,0,0,0,0,0,0,0,0,1,0,0,0,0,1,0,0
661,1,1.547442266397284,2.042579288947925,1,0,0,0,1,0,0,1,0,0,0,0,1,0,0,0,0,0,0,0,0,1
662,0,0.7782103170513037,-0.5029485386158568,0,0,1,0,1,1,0,0,0,0,0,0,1,0,0,0,0,0,0,1,0,0
663,0,1.31667268159349,-0.13322534515222276,1,0,0,0,1,1,0,0,0,0,0,0,1,0,0,0,0,0,0,0,0,1
664,0,0.4705175373129116,-0.4974960653257301,0,0,1,0,1,1,0,0,0,0,0,0,1,0,0,0,0,0,0,0,0,1
665,1,-0.7602535816406567,-0.4888542575852486,0,0,1,0,1,0,1,0,0,0,0,0,1,0,0,0,0,0,0,0,0,1
666,0,0.16282475757451956,0.8314778546749452,0,1,0,0,1,0,0,1,0,0,0,0,1,0,0,0,0,0,0,0,0,1
667,0,-0.3756376069676666,-0.3866707201133388,0,1,0,0,1,1,0,0,0,0,0,0,1,0,0,0,0,0,0,0,0,1
668,0,0.057146075854228665,-0.4918744606632361,0,0,1,0,1,1,0,0,0,0,0,0,1,0,0,0,0,0,0,0,0,1
669,0,1.0089799018550978,-0.4863374216869257,0,0,1,0,1,1,0,0,0,0,0,0,1,0,0,0,0,0,0,0,0,1
670,1,0.057146075854228665,0.39858208016340624,1,0,0,1,0,0,1,0,0,0,0,0,1,0,0,0,0,0,0,0,0,1
671,1,0.7782103170513037,0.13683114673782454,0,1,0,1,0,0,1,0,0,0,0,0,0,1,0,0,0,0,0,0,0,1
672,0,0.08590156263992152,0.39858208016340624,1,0,0,0,1,0,1,0,0,0,0,0,1,0,0,0,0,0,0,0,0,1
673,0,3.0859061650892445,-0.43700743807979686,0,1,0,0,1,1,0,0,0,0,0,0,1,0,0,0,0,0,0,0,0,1
674,1,0.08590156263992152,-0.3866707201133388,0,1,0,0,1,1,0,0,0,0,0,0,1,0,0,0,0,0,0,0,0,1
675,0,0.057146075854228665,-0.6484216535389205,0,1,0,0,1,1,0,0,0,0,0,0,1,0,0,0,0,0,0,0,0,1
676,0,-0.9140999715098528,-0.4918744606632361,0,0,1,0,1,1,0,0,0,0,0,0,1,0,0,0,0,0,0,0,0,1
677,0,-0.4140992044349656,-0.4863374216869257,0,0,1,0,1,1,0,0,0,0,0,0,1,0,0,0,0,0,0,0,0,1
678,1,-0.9140999715098528,-0.45026210265472455,0,0,1,1,0,1,0,0,0,0,0,0,1,0,0,0,0,0,0,0,0,1
679,0,1.0089799018550978,0.2958951755118318,0,0,1,1,0,0,1,0,0,0,0,0,0,0,0,0,0,0,1,0,0,1
680,1,0.4705175373129116,9.667166525013505,1,0,0,0,1,1,0,0,0,0,0,0,0,1,0,0,0,0,0,1,0,0
681,0,0.057146075854228665,-0.48457563655809965,0,0,1,1,0,1,0,0,0,0,0,0,1,0,0,0,0,0,0,0,1,0
682,1,-0.22179121709847055,0.8964967865378598,1,0,0,0,1,1,0,0,0,0,0,0,1,0,0,0,0,0,0,1,0,0
683,0,-0.7602535816406567,-0.4626791642426904,0,0,1,0,1,1,0,0,0,0,0,0,1,0,0,0,0,0,0,0,0,1
684,0,-1.221792751248245,0.2958951755118318,0,0,1,0,1,0,0,0,0,0,1,0,0,0,1,0,0,0,0,0,0,1
685,0,2.316674215743264,0.13683114673782454,0,1,0,0,1,0,1,0,0,0,0,0,0,1,0,0,0,0,0,0,0,1
686,0,-0.3756376069676666,0.18876253192945994,0,1,0,0,1,0,1,0,0,0,0,0,0,0,1,0,0,0,0,1,0,0
687,0,-1.221792751248245,0.1506737441786005,0,0,1,0,1,0,0,0,0,1,0,0,0,1,0,0,0,0,0,0,0,1
688,0,-0.8371767765752547,-0.44363577710162005,0,0,1,0,1,1,0,0,0,0,0,0,1,0,0,0,0,0,0,0,0,1
689,0,-0.9140999715098528,-0.49145565916975514,0,0,1,0,1,1,0,0,0,0,0,0,1,0,0,0,0,0,0,0,0,1
690,1,-1.1448695563136468,3.6067927997556075,1,0,0,1,0,1,0,0,0,0,0,0,0,1,0,0,0,0,0,0,0,1
691,1,0.08590156263992152,0.49925551609632224,1,0,0,0,1,0,1,0,0,0,0,0,1,0,0,0,0,0,0,0,0,1
692,1,-1.991024700594225,-0.37828059596268965,0,0,1,1,0,1,0,0,0,0,0,0,0,1,0,0,0,0,0,1,0,0
693,1,0.057146075854228665,0.48910360681684706,0,0,1,0,1,1,0,0,0,0,0,0,1,0,0,0,0,0,0,0,0,1
694,0,-0.3756376069676666,-0.5029485386158568,0,0,1,0,1,1,0,0,0,0,0,0,1,0,0,0,0,0,0,1,0,0
695,0,2.316674215743264,-0.11384570873513637,1,0,0,0,1,1,0,0,0,0,0,0,1,0,0,0,0,0,0,0,0,1
696,0,1.70128865626648,-0.3766033765200472,0,1,0,0,1,1,0,0,0,0,0,0,1,0,0,0,0,0,0,0,0,1
697,0,1.0859030967896959,-0.4863374216869257,0,0,1,0,1,1,0,0,0,0,0,0,1,0,0,0,0,0,0,0,0,1
698,1,0.057146075854228665,-0.49271407711891657,0,0,1,1,0,1,0,0,0,0,0,0,1,0,0,0,0,0,0,0,1,0
699,0,1.470519071462686,1.5841789061771412,1,0,0,0,1,0,1,0,0,0,0,0,0,1,0,0,0,0,0,1,0,0
700,0,0.9320567069204998,-0.494391296561559,0,0,1,0,1,1,0,0,0,0,0,0,1,0,0,0,0,0,0,0,0,1
701,1,-0.9140999715098528,3.9327230485884233,1,0,0,1,0,0,1,0,0,0,0,0,1,0,0,0,0,0,0,1,0,0
702,1,0.3935943423783136,-0.11913106412161445,1,0,0,0,1,1,0,0,0,0,0,0,1,0,0,0,0,0,0,0,0,1
703,0,-0.9140999715098528,-0.3573908580066095,0,0,1,1,0,1,0,0,0,0,0,0,0,1,0,0,0,0,0,1,0,0
704,0,-0.3756376069676666,-0.4925449457465493,0,0,1,0,1,1,0,0,0,0,0,0,1,0,0,0,0,0,0,0,1,0
705,0,-0.2987144120330686,-0.4902797934380587,0,0,1,0,1,0,1,0,0,0,0,0,1,0,0,0,0,0,0,0,0,1
706,0,0.7012871221167057,-0.12491978668775715,0,1,0,0,1,1,0,0,0,0,0,0,1,0,0,0,0,0,0,0,0,1
707,1,1.1628262917242937,-0.3766033765200472,0,1,0,1,0,1,0,0,0,0,0,0,1,0,0,0,0,0,0,0,0,1
708,1,0.9320567069204998,-0.11913106412161445,1,0,0,0,1,1,0,0,0,0,0,0,1,0,0,0,0,0,0,0,0,1
709,1,-0.6064071917714606,2.4029901895877646,1,0,0,1,0,1,0,0,0,0,0,0,1,0,0,0,0,0,0,0,0,1
710,1,0.057146075854228665,-0.3414522396297103,0,0,1,0,1,0,1,0,0,0,0,0,0,1,0,0,0,0,0,1,0,0
711,1,-0.4525608019022646,0.3483299278831318,1,0,0,1,0,1,0,0,0,0,0,0,1,0,0,0,0,0,0,1,0,0
712,0,0.057146075854228665,-0.11384570873513637,1,0,0,0,1,1,0,0,0,0,0,0,1,0,0,0,0,0,0,0,0,1
713,1,1.3935958765280878,0.39858208016340624,1,0,0,0,1,0,1,0,0,0,0,0,1,0,0,0,0,0,0,0,0,1
714,0,-0.06794482722927452,-0.457478374542396,0,0,1,0,1,1,0,0,0,0,0,0,1,0,0,0,0,0,0,0,0,1
715,0,1.70128865626648,-0.3866707201133388,0,1,0,0,1,1,0,0,0,0,0,0,1,0,0,0,0,0,0,0,0,1
716,0,-0.8371767765752547,-0.494391296561559,0,0,1,0,1,1,0,0,0,0,0,0,1,0,0,0,0,0,0,0,0,1
717,1,0.6243639271821076,3.9327230485884233,1,0,0,1,0,1,0,0,0,0,0,0,1,0,0,0,0,0,0,1,0,0
718,1,-0.22179121709847055,-0.43700743807979686,0,1,0,1,0,1,0,0,0,0,0,0,1,0,0,0,0,0,0,0,0,1
719,0,0.057146075854228665,-0.3363340021468808,0,0,1,0,1,1,0,0,0,0,0,0,1,0,0,0,0,0,0,0,1,0
720,0,0.23974795250911757,-0.4918744606632361,0,0,1,0,1,1,0,0,0,0,0,0,1,0,0,0,0,0,0,0,0,1
721,1,-1.837178310725029,0.016023023618325298,0,1,0,1,0,1,0,0,0,0,0,0,0,1,0,0,0,0,0,0,0,1
722,0,-0.9910231664444508,-0.5063875431873253,0,0,1,0,1,0,1,0,0,0,0,0,1,0,0,0,0,0,0,0,0,1
723,0,0.3166711474437156,-0.3866707201133388,0,1,0,0,1,1,0,0,0,0,0,0,1,0,0,0,0,0,0,0,0,1
724,0,1.547442266397284,-0.3866707201133388,0,1,0,0,1,1,0,0,0,0,0,0,1,0,0,0,0,0,0,0,0,1
725,1,-0.22179121709847055,0.4207302360686478,1,0,0,0,1,0,1,0,0,0,0,0,1,0,0,0,0,0,0,0,0,1
726,0,-0.7602535816406567,-0.47400492578514347,0,0,1,0,1,1,0,0,0,0,0,0,1,0,0,0,0,0,0,0,0,1
727,1,0.008978367705323504,-0.22559322262067316,0,1,0,1,0,0,0,0,1,0,0,0,1,0,0,0,0,0,0,0,0,1
728,1,0.057146075854228665,-0.4926295114327329,0,0,1,1,0,1,0,0,0,0,0,0,1,0,0,0,0,0,0,0,1,0
729,0,-0.3756376069676666,-0.12491978668775715,0,1,0,0,1,0,1,0,0,0,0,0,1,0,0,0,0,0,0,0,0,1
730,0,-0.3756376069676666,-0.4888542575852486,0,0,1,1,0,0,1,0,0,0,0,0,1,0,0,0,0,0,0,0,0,1
731,1,-0.06794482722927452,3.6067927997556075,1,0,0,1,0,1,0,0,0,0,0,0,1,0,0,0,0,0,0,0,0,1
732,0,-1.452562336052039,-0.2701412180209885,0,0,1,0,1,1,0,0,0,0,0,0,1,0,0,0,0,0,0,1,0,0
733,0,0.057146075854228665,-0.6484216535389205,0,1,0,0,1,1,0,0,0,0,0,0,1,0,0,0,0,0,0,0,0,1
734,0,-0.5294839968368626,-0.3866707201133388,0,1,0,0,1,1,0,0,0,0,0,0,1,0,0,0,0,0,0,0,0,1
735,0,-0.5294839968368626,-0.3866707201133388,0,1,0,0,1,1,0,0,0,0,0,0,1,0,0,0,0,0,0,0,0,1
736,0,-0.10640642469657352,-0.32425318983493084,0,0,1,0,1,1,0,0,0,0,0,0,1,0,0,0,0,0,0,0,0,1
737,0,1.3935958765280878,0.04370821849987721,0,0,1,1,0,0,1,0,0,0,0,0,0,0,0,1,0,0,0,0,0,1
738,1,0.3935943423783136,9.667166525013505,1,0,0,0,1,1,0,0,0,0,0,0,1,0,0,0,0,0,0,1,0,0
739,0,0.057146075854228665,-0.4894421904510968,0,0,1,0,1,1,0,0,0,0,0,0,1,0,0,0,0,0,0,0,0,1
740,0,0.057146075854228665,-0.4894421904510968,0,0,1,0,1,1,0,0,0,0,0,0,1,0,0,0,0,0,0,0,0,1
741,1,0.057146075854228665,-0.04438103794142432,1,0,0,0,1,1,0,0,0,0,0,0,1,0,0,0,0,0,0,0,0,1
742,0,0.4705175373129116,0.9391984311231651,1,0,0,0,1,0,1,0,0,0,0,0,1,0,0,0,0,0,0,0,0,1
743,1,-0.6833303867060587,4.634416897040849,1,0,0,1,0,0,0,1,0,0,0,0,0,0,1,0,0,0,0,1,0,0
744,0,-0.4525608019022646,-0.32425318983493084,0,0,1,0,1,0,1,0,0,0,0,0,1,0,0,0,0,0,0,0,0,1
745,1,0.08590156263992152,-0.4888542575852486,0,0,1,0,1,1,0,0,0,0,0,0,1,0,0,0,0,0,0,0,0,1
746,0,3.0859061650892445,0.7811411367084872,1,0,0,0,1,0,1,0,0,0,0,0,0,1,0,0,0,0,0,0,0,1
747,0,-1.0679463613790487,-0.24069423801061057,0,0,1,0,1,0,1,0,0,0,0,0,0,1,0,0,0,0,0,0,0,1
748,1,0.008978367705323504,-0.3866707201133388,0,1,0,1,0,1,0,0,0,0,0,0,1,0,0,0,0,0,0,0,0,1
749,0,-0.8371767765752547,0.4207302360686478,1,0,0,0,1,0,1,0,0,0,0,0,1,0,0,0,0,0,0,0,0,1
750,0,0.08590156263992152,-0.49237782784290063,0,0,1,0,1,1,0,0,0,0,0,0,1,0,0,0,0,0,0,0,1,0
751,1,-1.991024700594225,-0.18532384824750675,0,1,0,1,0,0,1,0,0,0,0,0,0,1,0,0,0,0,0,0,0,1
752,1,-1.837178310725029,-0.397241430886295,0,0,1,0,1,1,0,0,0,0,0,0,0,1,0,0,0,0,0,0,0,1
753,0,0.23974795250911757,-0.45714212526638004,0,0,1,0,1,1,0,0,0,0,0,0,1,0,0,0,0,0,0,0,0,1
754,0,-0.5294839968368626,-0.4894421904510968,0,0,1,0,1,1,0,0,0,0,0,0,1,0,0,0,0,0,0,0,0,1
755,1,1.3935958765280878,0.6603330135889879,0,1,0,1,0,0,1,0,0,0,0,0,0,0,1,0,0,0,0,0,0,1
756,1,-2.247178939726436,-0.35646868933346404,0,1,0,0,1,0,1,0,0,0,0,0,0,1,0,0,0,0,0,0,0,1
757,0,-0.14486802216387254,-0.49145565916975514,0,0,1,0,1,1,0,0,0,0,0,0,1,0,0,0,0,0,0,0,0,1
758,0,-0.9140999715098528,-0.41687275089321363,0,1,0,0,1,1,0,0,0,0,0,0,1,0,0,0,0,0,0,0,0,1
759,0,0.3166711474437156,-0.4863374216869257,0,0,1,0,1,1,0,0,0,0,0,0,1,0,0,0,0,0,0,0,0,1
760,1,0.23974795250911757,1.093228788100527,1,0,0,1,0,1,0,0,0,0,0,0,1,0,0,0,0,0,0,0,0,1
761,0,0.057146075854228665,-0.35646868933346404,0,0,1,0,1,1,0,0,0,0,0,0,1,0,0,0,0,0,0,0,0,1
762,0,0.8551335119859017,-0.5049620073345151,0,0,1,0,1,1,0,0,0,0,0,0,1,0,0,0,0,0,0,0,0,1
763,1,-0.7602535816406567,-0.5028639729296732,0,0,1,0,1,1,0,0,0,0,0,0,1,0,0,0,0,0,0,1,0,0
764,1,0.4705175373129116,1.7677408088510642,1,0,0,1,0,0,1,0,0,0,0,0,0,0,1,0,0,0,0,0,0,1
765,0,-1.0679463613790487,-0.4918744606632361,0,0,1,0,1,1,0,0,0,0,0,0,1,0,0,0,0,0,0,0,0,1
766,1,1.6243654613318819,0.921244330558889,1,0,0,1,0,0,1,0,0,0,0,0,1,0,0,0,0,0,0,0,0,1
767,0,0.057146075854228665,0.1489119590497745,1,0,0,0,1,1,0,0,0,0,0,0,1,0,0,0,0,0,0,1,0,0
768,0,0.047439965172622514,-0.49237782784290063,0,0,1,1,0,1,0,0,0,0,0,0,1,0,0,0,0,0,0,0,1,0
769,0,0.057146075854228665,-0.1621689579829361,0,0,1,0,1,0,1,0,0,0,0,0,1,0,0,0,0,0,0,0,1,0
770,0,0.16282475757451956,-0.4800453319411184,0,0,1,0,1,1,0,0,0,0,0,0,1,0,0,0,0,0,0,0,0,1
771,0,-0.4525608019022646,-0.45714212526638004,0,0,1,0,1,1,0,0,0,0,0,0,1,0,0,0,0,0,0,0,0,1
772,0,1.3935958765280878,-0.4902797934380587,0,0,1,0,1,1,0,0,0,0,0,0,1,0,0,0,0,0,0,0,0,1
773,0,2.08590463093947,-0.43700743807979686,0,1,0,1,0,1,0,0,0,0,0,0,1,0,0,0,0,0,0,0,0,1
774,0,0.057146075854228665,-0.5029485386158568,0,0,1,0,1,1,0,0,0,0,0,0,1,0,0,0,0,0,0,1,0,0
775,1,1.855135046135676,-0.18532384824750675,0,1,0,1,0,0,1,0,0,0,0,0,0,0,0,1,0,0,0,0,0,1
776,0,-0.9140999715098528,-0.49237782784290063,0,0,1,0,1,1,0,0,0,0,0,0,1,0,0,0,0,0,0,0,0,1
777,0,0.057146075854228665,-0.49237782784290063,0,0,1,0,1,1,0,0,0,0,0,0,1,0,0,0,0,0,0,0,1,0
778,1,-1.9141015056596271,-0.397241430886295,0,0,1,1,0,1,0,0,0,0,0,0,1,0,0,0,0,0,0,0,0,1
779,0,0.057146075854228665,-0.4926295114327329,0,0,1,0,1,1,0,0,0,0,0,0,1,0,0,0,0,0,0,0,1,0
780,1,1.0089799018550978,3.6067927997556075,1,0,0,1,0,1,0,0,0,0,0,0,0,1,0,0,0,0,0,0,0,1
781,1,-1.2987159461828428,-0.5028639729296732,0,0,1,1,0,1,0,0,0,0,0,0,1,0,0,0,0,0,0,1,0,0
782,1,-0.9910231664444508,0.49925551609632224,1,0,0,1,0,0,1,0,0,0,0,0,1,0,0,0,0,0,0,0,0,1
783,0,-0.06794482722927452,-0.04438103794142432,1,0,0,0,1,1,0,0,0,0,0,0,1,0,0,0,0,0,0,0,0,1
784,0,0.057146075854228665,-0.17626323901354432,0,0,1,0,1,0,1,0,0,0,0,0,0,0,1,0,0,0,0,0,0,1
785,0,-0.3756376069676666,-0.5064721088735089,0,0,1,0,1,1,0,0,0,0,0,0,1,0,0,0,0,0,0,0,0,1
786,0,-0.3756376069676666,-0.5024451714361923,0,0,1,0,1,1,0,0,0,0,0,0,1,0,0,0,0,0,0,0,0,1
787,1,-0.9140999715098528,-0.4974960653257301,0,0,1,1,0,1,0,0,0,0,0,0,1,0,0,0,0,0,0,0,0,1
788,0,-1.683331920855833,-0.06199888922968463,0,0,1,0,1,0,0,0,0,1,0,0,0,1,0,0,0,0,0,0,1,0
789,1,-2.221794285398019,-0.23415046467497105,0,0,1,0,1,0,1,0,0,0,0,0,0,0,1,0,0,0,0,0,0,1
790,0,1.2397494866588918,0.9462455716384695,1,0,0,0,1,1,0,0,0,0,0,0,1,0,0,0,0,0,0,1,0,0
791,0,0.057146075854228665,-0.49237782784290063,0,0,1,0,1,1,0,0,0,0,0,0,1,0,0,0,0,0,0,0,1,0
792,0,-1.0679463613790487,-0.12491978668775715,0,1,0,0,1,1,0,0,0,0,0,0,1,0,0,0,0,0,0,0,0,1
793,0,0.057146075854228665,0.7519458402879414,0,0,1,1,0,0,0,0,0,0,0,1,0,0,1,0,0,0,0,0,0,1
794,0,0.057146075854228665,-0.030371322596999754,1,0,0,0,1,1,0,0,0,0,0,0,1,0,0,0,0,0,0,1,0,0
795,0,-0.3756376069676666,-0.4894421904510968,0,0,1,0,1,1,0,0,0,0,0,0,1,0,0,0,0,0,0,0,0,1
796,0,0.7012871221167057,-0.3866707201133388,0,1,0,0,1,1,0,0,0,0,0,0,1,0,0,0,0,0,0,0,0,1
797,1,1.470519071462686,-0.1263453225405672,1,0,0,1,0,1,0,0,0,0,0,0,1,0,0,0,0,0,0,0,0,1
798,1,0.08590156263992152,-0.4735861242916626,0,0,1,1,0,1,0,0,0,0,0,0,1,0,0,0,0,0,0,0,0,1
799,0,0.008978367705323504,-0.5028639729296732,0,0,1,0,1,1,0,0,0,0,0,0,1,0,0,0,0,0,0,1,0,0
800,0,0.008978367705323504,-0.1621689579829361,0,0,1,1,0,0,1,0,0,0,0,0,0,1,0,0,0,0,0,0,0,1
801,0,0.3166711474437156,-0.3866707201133388,0,1,0,0,1,1,0,0,0,0,0,0,1,0,0,0,0,0,0,0,0,1
802,1,0.08590156263992152,-0.11988611489111134,0,1,0,1,0,0,1,0,0,0,0,0,0,1,0,0,0,0,0,0,0,1
803,1,-1.452562336052039,1.7677408088510642,1,0,0,0,1,0,1,0,0,0,0,0,0,0,1,0,0,0,0,0,0,1
804,1,-2.266409738460086,-0.47694056317694733,0,0,1,0,1,1,0,0,0,0,0,0,0,1,0,0,0,0,0,1,0,0
805,1,-0.22179121709847055,-0.5079822104125026,0,0,1,0,1,1,0,0,0,0,0,0,1,0,0,0,0,0,0,0,0,1
806,0,0.08590156263992152,-0.4918744606632361,0,0,1,0,1,1,0,0,0,0,0,0,1,0,0,0,0,0,0,0,0,1
807,0,0.7012871221167057,-0.6484216535389205,1,0,0,0,1,1,0,0,0,0,0,0,1,0,0,0,0,0,0,0,0,1
808,0,-0.9140999715098528,-0.4918744606632361,0,0,1,1,0,1,0,0,0,0,0,0,1,0,0,0,0,0,0,0,0,1
809,0,0.7012871221167057,-0.3866707201133388,0,1,0,0,1,1,0,0,0,0,0,0,1,0,0,0,0,0,0,0,0,1
810,1,0.23974795250911757,0.4207302360686478,1,0,0,1,0,0,1,0,0,0,0,0,1,0,0,0,0,0,0,0,0,1
811,0,-0.2987144120330686,-0.4896093083547455,0,0,1,0,1,1,0,0,0,0,0,0,1,0,0,0,0,0,0,0,0,1
812,0,0.7012871221167057,-0.1621689579829361,0,0,1,0,1,1,0,0,0,0,0,0,1,0,0,0,0,0,0,0,0,1
813,0,0.3935943423783136,-0.43700743807979686,0,1,0,0,1,1,0,0,0,0,0,0,1,0,0,0,0,0,0,0,0,1
814,0,-1.837178310725029,-0.01870931177853076,0,0,1,1,0,0,0,0,0,1,0,0,0,0,1,0,0,0,0,0,0,1
815,0,0.047439965172622514,-0.4863374216869257,0,0,1,0,1,1,0,0,0,0,0,0,1,0,0,0,0,0,0,0,0,1
816,0,0.057146075854228665,-0.6484216535389205,1,0,0,0,1,1,0,0,0,0,0,0,1,0,0,0,0,0,0,0,0,1
817,0,-0.5294839968368626,-0.4888542575852486,0,0,1,1,0,1,0,0,0,0,0,0,1,0,0,0,0,0,0,0,0,1
818,0,0.08590156263992152,0.09664633805084172,0,1,0,0,1,0,1,0,0,0,0,0,0,1,0,0,0,0,0,1,0,0
819,0,1.0089799018550978,-0.5185529211854588,0,0,1,0,1,1,0,0,0,0,0,0,1,0,0,0,0,0,0,0,0,1
820,0,-1.5294855309866369,-0.08666388103324908,0,0,1,0,1,0,0,0,1,0,0,0,0,0,1,0,0,0,0,0,0,1
821,1,1.70128865626648,1.2341715984066093,1,0,0,1,0,0,1,0,0,0,0,0,0,1,0,0,0,0,0,0,0,1
822,1,-0.22179121709847055,-0.47400492578514347,0,0,1,0,1,1,0,0,0,0,0,0,1,0,0,0,0,0,0,0,0,1
823,0,0.6243639271821076,-0.6484216535389205,1,0,0,0,1,1,0,0,0,0,0,0,1,0,0,0,0,0,0,0,0,1
824,1,-0.22179121709847055,-0.397241430886295,0,0,1,1,0,1,0,0,0,0,0,0,0,1,0,0,0,0,0,0,0,1
825,0,-2.144871090463421,0.1506737441786005,0,0,1,0,1,0,0,0,0,1,0,0,0,1,0,0,0,0,0,0,0,1
826,0,0.057146075854228665,-0.5084855775921673,0,0,1,0,1,1,0,0,0,0,0,0,1,0,0,0,0,0,0,0,1,0
827,0,0.057146075854228665,0.48910360681684706,0,0,1,0,1,1,0,0,0,0,0,0,1,0,0,0,0,0,0,0,0,1
828,1,-2.221794285398019,0.09664633805084172,0,1,0,0,1,1,0,0,0,0,0,0,0,0,1,0,0,0,0,1,0,0
829,1,0.057146075854228665,-0.49237782784290063,0,0,1,0,1,1,0,0,0,0,0,0,1,0,0,0,0,0,0,0,1,0
830,1,2.4705206056124602,0.962353321387736,1,0,0,1,0,1,0,0,0,0,0,0,1,0,0,0,0,0,0,0,0,1
831,1,-1.1448695563136468,-0.3573908580066095,0,0,1,1,0,0,1,0,0,0,0,0,1,0,0,0,0,0,0,1,0,0
832,1,-2.234871228536901,-0.2708962687904854,0,1,0,0,1,0,1,0,0,0,0,0,0,1,0,0,0,0,0,0,0,1
833,0,0.057146075854228665,-0.5028639729296732,0,0,1,0,1,1,0,0,0,0,0,0,1,0,0,0,0,0,0,1,0,0
834,0,-0.5294839968368626,-0.4902797934380587,0,0,1,0,1,1,0,0,0,0,0,0,1,0,0,0,0,0,0,0,0,1
835,0,-0.9140999715098528,-0.48130374989027985,0,0,1,0,1,1,0,0,0,0,0,0,1,0,0,0,0,0,0,0,0,1
836,1,0.7012871221167057,1.0259447039291216,1,0,0,1,0,0,1,0,0,0,0,0,0,1,0,0,0,0,0,1,0,0
837,0,-0.6833303867060587,-0.47400492578514347,0,0,1,0,1,1,0,0,0,0,0,0,1,0,0,0,0,0,0,0,0,1
838,0,0.057146075854228665,-0.4863374216869257,0,0,1,0,1,1,0,0,0,0,0,0,1,0,0,0,0,0,0,0,0,1
839,1,0.16282475757451956,0.48910360681684706,0,0,1,0,1,1,0,0,0,0,0,0,1,0,0,0,0,0,0,0,0,1
840,1,0.057146075854228665,-0.05042144409739929,1,0,0,0,1,1,0,0,0,0,0,0,1,0,0,0,0,0,0,1,0,0
841,0,-0.7602535816406567,-0.4888542575852486,0,0,1,0,1,1,0,0,0,0,0,0,1,0,0,0,0,0,0,0,0,1
842,0,-1.0679463613790487,-0.43700743807979686,0,1,0,0,1,1,0,0,0,0,0,0,1,0,0,0,0,0,0,0,0,1
843,1,0.008978367705323504,-0.024246350754841113,1,0,0,1,0,1,0,0,0,0,0,0,1,0,0,0,0,0,0,1,0,0
844,0,0.3551327449110146,-0.5188046047752911,0,0,1,0,1,1,0,0,0,0,0,0,1,0,0,0,0,0,0,1,0,0
845,0,-0.9910231664444508,-0.47400492578514347,0,0,1,0,1,1,0,0,0,0,0,0,1,0,0,0,0,0,0,0,0,1
846,0,0.9320567069204998,-0.49640476528021726,0,0,1,0,1,1,0,0,0,0,0,0,1,0,0,0,0,0,0,0,0,1
847,0,0.057146075854228665,0.7519458402879414,0,0,1,0,1,0,0,0,0,0,0,1,0,0,1,0,0,0,0,0,0,1
848,0,0.3935943423783136,-0.4894421904510968,0,0,1,0,1,1,0,0,0,0,0,0,1,0,0,0,0,0,0,1,0,0
849,0,-0.14486802216387254,0.016023023618325298,0,1,0,0,1,1,0,0,0,0,0,0,0,1,0,0,0,0,0,0,0,1
850,1,0.057146075854228665,1.145663540471827,1,0,0,1,0,0,1,0,0,0,0,0,1,0,0,0,0,0,0,1,0,0
851,0,-1.991024700594225,-0.01870931177853076,0,0,1,0,1,0,0,0,0,1,0,0,0,0,1,0,0,0,0,0,0,1
852,0,3.3935989448276365,-0.4918744606632361,0,0,1,0,1,1,0,0,0,0,0,0,1,0,0,0,0,0,0,0,0,1
853,0,-1.606408725921235,-0.3414522396297103,0,0,1,1,0,0,1,0,0,0,0,0,0,1,0,0,0,0,0,1,0,0
854,1,-1.0679463613790487,0.14488502161245778,1,0,0,1,0,1,0,0,0,0,0,0,0,1,0,0,0,0,0,0,0,1
855,0,1.0859030967896959,-0.12491978668775715,0,1,0,1,0,0,1,0,0,0,0,0,1,0,0,0,0,0,0,0,0,1
856,1,-0.9140999715098528,-0.4601623283443675,0,0,1,1,0,1,0,0,0,0,0,0,0,1,0,0,0,0,0,0,0,1
857,1,1.1628262917242937,2.671117778445337,1,0,0,1,0,0,1,0,0,0,0,0,0,1,0,0,0,0,0,0,0,1
858,1,1.6243654613318819,-0.11384570873513637,1,0,0,0,1,1,0,0,0,0,0,0,1,0,0,0,0,0,0,0,0,1
859,1,-0.4525608019022646,-0.26066180729354516,0,0,1,1,0,1,0,0,0,0,0,0,0,0,0,1,0,0,0,1,0,0
860,0,0.057146075854228665,-0.5028639729296732,0,0,1,0,1,1,0,0,0,0,0,0,1,0,0,0,0,0,0,1,0,0
861,0,0.8551335119859017,-0.36435544630444866,0,0,1,0,1,0,0,1,0,0,0,0,1,0,0,0,0,0,0,0,0,1
862,0,-0.6833303867060587,-0.41687275089321363,0,1,0,0,1,0,1,0,0,0,0,0,1,0,0,0,0,0,0,0,0,1
863,1,1.3935958765280878,-0.1263453225405672,1,0,0,1,0,1,0,0,0,0,0,0,1,0,0,0,0,0,0,0,0,1
864,0,0.057146075854228665,0.7519458402879414,0,0,1,1,0,0,0,0,0,0,0,1,0,0,1,0,0,0,0,0,0,1
865,0,-0.4525608019022646,-0.3866707201133388,0,1,0,0,1,1,0,0,0,0,0,0,1,0,0,0,0,0,0,0,0,1
866,1,0.9320567069204998,-0.3866707201133388,0,1,0,1,0,1,0,0,0,0,0,0,1,0,0,0,0,0,0,0,0,1
867,1,-0.22179121709847055,-0.3693891181010945,0,1,0,1,0,0,1,0,0,0,0,0,1,0,0,0,0,0,0,1,0,0
868,0,0.08590156263992152,0.3682954836973478,1,0,0,0,1,1,0,0,0,0,0,0,1,0,0,0,0,0,0,0,0,1
869,0,0.057146075854228665,-0.45714212526638004,0,0,1,0,1,1,0,0,0,0,0,0,1,0,0,0,0,0,0,0,0,1
870,1,-1.991024700594225,-0.4242561406845337,0,0,1,0,1,0,1,0,0,0,0,0,0,1,0,0,0,0,0,0,0,1
871,0,-0.2987144120330686,-0.4894421904510968,0,0,1,0,1,1,0,0,0,0,0,0,1,0,0,0,0,0,0,0,0,1
872,1,1.31667268159349,0.40974072380221066,1,0,0,1,0,0,1,0,0,0,0,0,0,1,0,0,0,0,0,0,0,1
873,0,0.23974795250911757,-0.5477482176060045,1,0,0,0,1,1,0,0,0,0,0,0,1,0,0,0,0,0,0,0,0,1
874,0,1.31667268159349,-0.46720946885967163,0,0,1,0,1,1,0,0,0,0,0,0,1,0,0,0,0,0,0,0,0,1
875,1,-0.14486802216387254,-0.16518916106092355,0,1,0,1,0,0,1,0,0,0,0,0,1,0,0,0,0,0,0,1,0,0
876,1,-1.1448695563136468,-0.5029485386158568,0,0,1,1,0,1,0,0,0,0,0,0,1,0,0,0,0,0,0,1,0,0
877,0,-0.7602535816406567,-0.45017955043725955,0,0,1,0,1,1,0,0,0,0,0,0,1,0,0,0,0,0,0,0,0,1
878,0,-0.8371767765752547,-0.4894421904510968,0,0,1,0,1,1,0,0,0,0,0,0,1,0,0,0,0,0,0,0,0,1
879,0,0.057146075854228665,-0.4894421904510968,0,0,1,0,1,1,0,0,0,0,0,0,1,0,0,0,0,0,0,0,0,1
880,1,2.008981436004872,1.0259447039291216,1,0,0,1,0,1,0,0,0,0,0,0,0,1,0,0,0,0,0,1,0,0
881,1,-0.3756376069676666,-0.12491978668775715,0,1,0,1,0,1,0,0,0,0,0,0,0,1,0,0,0,0,0,0,0,1
882,0,0.23974795250911757,-0.4894421904510968,0,0,1,0,1,1,0,0,0,0,0,0,1,0,0,0,0,0,0,0,0,1
883,0,-0.6064071917714606,-0.4366711888037809,0,0,1,1,0,1,0,0,0,0,0,0,1,0,0,0,0,0,0,0,0,1
884,0,-0.14486802216387254,-0.43700743807979686,0,1,0,0,1,1,0,0,0,0,0,0,1,0,0,0,0,0,0,0,0,1
885,0,-0.3756376069676666,-0.5064721088735089,0,0,1,0,1,1,0,0,0,0,0,0,1,0,0,0,0,0,0,0,0,1
886,0,0.7012871221167057,-0.06199888922968463,0,0,1,1,0,1,0,0,0,0,0,0,0,0,0,0,0,1,0,0,1,0
887,0,-0.22179121709847055,-0.3866707201133388,0,1,0,0,1,1,0,0,0,0,0,0,1,0,0,0,0,0,0,0,0,1
888,1,-0.8371767765752547,-0.04438103794142432,1,0,0,1,0,1,0,0,0,0,0,0,1,0,0,0,0,0,0,0,0,1
889,0,0.057146075854228665,-0.17626323901354432,0,0,1,1,0,0,1,0,0,0,0,0,0,0,1,0,0,0,0,0,0,1
890,1,-0.2987144120330686,-0.04438103794142432,1,0,0,0,1,1,0,0,0,0,0,0,1,0,0,0,0,0,0,1,0,0
891,0,0.16282475757451956,-0.49237782784290063,0,0,1,0,1,1,0,0,0,0,0,0,1,0,0,0,0,0,0,0,1,0
